GRID_CODE,NDVI,RDVI,SR,MSR,OSAVI,MSAVI,MTVI1,MTVI2,MCARI,MCARI1,MCARI2,EVI,LIC1,VOG,VOG2,VOG3,GM1,GM2,TCARI,T_O,CI,TVI,SRPI,NPQI,NPCI,CTR1,CAR,DCABXC,DNCABXC,SIPI,CRI550,CRI700,CRI550M,CRI700M,RCRI550,RCRI700,PSRI,LIC3,PRI,PRI515,PRIM1,PRIM2,PRIM3,PRIM4,PRIN,PRI_CI,B,G,R,BGI1,BGI2,BF1,BF2,BF3,BF4,BF5,BRI1,BRI2,RGI,RARS,LIC2,HI,CUR,PSSRA,PSSRB,PSSRC,PSNDC,FLD2,TC,CWSIv,Cab,Car,Ant,LAI,LIDFa,Fi,PLOT,ZONE,X,Y,Res_qPCR,DS_FEB_2016,qPCR,Sympt_FEB_17,Class_FEB_17,SEV,SEV_A,Year
1774,0.707781004,0.439585701,5.844182036,1.417474309,0.58031555,0.452769982,0.384172303,0.397128538,0.033387762,0.480215379,0.397128538,0.466456576,0.697052381,1.64599896,-0.174992387,-0.193035603,5.964290775,3.536388515,0.055412516,0.095486872,2.583734496,14.49922679,0.453392645,-0.002252296,0.376090629,2.811091428,0.719840165,3.407496899,51.19488395,0.777592043,8.538257076,16.58174214,6.963509064,15.00699413,21.78707685,24.43732394,0.088052587,0.102181083,0.078041972,-0.085949461,-0.109880225,0.091981333,0.113225104,-0.321516374,0.11722641,0.216773058,0.911825295,0.897966995,1.514464895,0.538212899,0.55190076,1.023731878,1.021309352,1.021748416,1.004852801,0.97519869,0.41177754,0.42224989,1.30704773,7.974409556,0.409788916,-0.322689333,1.023430304,5.60180134,5.897298088,11.25141351,0.836753531,2.566282121,32.54068966,0.526099115,43.56367166,8.0698049,6.039852136,1.860700946,49.63068401,0.066059785,3,B,18.10782839,40.41688289,neg,0,0,0,TN,0,0,2016
1775,0.708962631,0.427588585,5.87196977,1.423214759,0.571164318,0.434448864,0.365055242,0.383589851,0.033924777,0.456319053,0.383589851,0.450657289,0.697475437,1.620443787,-0.165079686,-0.181820277,5.88038821,3.528250568,0.055559469,0.097274055,2.536087231,13.91314757,0.450288689,-0.000439358,0.379035785,2.850098904,0.699997225,3.425624383,51.04609385,0.779788928,10.07088914,18.25191068,8.251869121,16.43289065,24.16911704,26.71088971,0.088777253,0.098849642,0.08214772,-0.095712312,-0.122251682,0.092908344,0.107342796,-0.315294976,0.124795208,0.226222813,0.910508102,0.923687193,1.539470958,0.539410836,0.524926111,1.046155319,1.058057572,1.057334972,1.04991431,1.027593835,0.423806272,0.412425861,1.272776906,8.200573096,0.403657964,-0.320232002,1.021374249,5.611033438,5.900988883,11.5930606,0.841182373,2.353392723,32.3876,0.507339967,44.80420061,7.952057442,5.812770524,1.851186519,52.97871617,0.056713941,3,B,18.1077277,40.41684722,pos,1,1,1,TP,1,1,2016
1777,0.675940801,0.397342074,5.171711862,1.274139807,0.535936968,0.394259674,0.333424017,0.347393313,0.033697034,0.416780021,0.347393313,0.412048684,0.668008185,1.565823378,-0.143722155,-0.157018858,4.956227137,3.177982343,0.057842694,0.107928167,2.351258285,12.65905142,0.485265702,-0.024808261,0.346560415,2.706644039,0.722691364,3.223647514,44.63595728,0.749754074,7.909628687,14.53939738,6.458043816,13.08781251,21.07006263,22.97799907,0.085463342,0.119839513,0.076300707,-0.085726288,-0.109684136,0.082351566,0.076044208,-0.304439172,0.127387982,0.180595734,0.901771675,0.966575595,1.507424421,0.513348671,0.547963113,1.035765653,1.016591041,0.993356529,0.965847235,0.936830708,0.426800301,0.455578898,1.202784228,6.645618739,0.44189214,-0.284805109,1.031603554,5.024244902,5.102433951,9.253301317,0.804940873,2.209333879,31.98333333,0.45780234,41.15741637,7.489982378,4.716299293,2.521151271,59.95095617,0.050389757,3,B,18.10753628,40.41678877,neg,0,0,0,TN,0,0,2016
1779,0.736825255,0.444507365,6.59951341,1.568951812,0.593704663,0.456025251,0.387562011,0.415164791,0.035450718,0.484452514,0.415164791,0.472585898,0.728623208,1.672081559,-0.187003154,-0.20710152,5.915234048,3.812964238,0.057909811,0.097539761,2.696474161,14.48085759,0.48368569,-0.015040426,0.347994399,2.764399469,0.705469027,3.290885419,56.88048002,0.796522187,10.19684854,17.48036351,8.27631984,15.55983481,24.23780451,26.53117411,0.07002642,0.09739529,0.075725807,-0.0982571,-0.125515869,0.072234836,0.055952272,-0.296018427,0.107776327,0.234144609,0.902616192,1.018901905,1.580671327,0.505002695,0.515753832,1.044173572,1.042541233,1.02678272,1.005781217,0.979154518,0.435522497,0.444794452,1.159532971,8.215242722,0.433019119,-0.278822553,1.031728488,6.369826968,6.389702954,11.91825519,0.84518033,2.651867716,30.90847826,0.326092817,45.47459334,8.020952121,5.364328316,2.12339199,53.79625442,0.069816993,3,B,18.10735383,40.41672577,pos,0,1,0,FN,1,1,2016
1781,0.688818065,0.423869702,5.427108318,1.329615487,0.561693091,0.432031575,0.367520876,0.377230524,0.032953724,0.459401095,0.377230524,0.439323123,0.679678868,1.592377073,-0.1612379,-0.176647214,5.44277802,3.329832392,0.056264881,0.100170149,2.449918859,13.80745098,0.417710143,-0.037507035,0.410725605,3.140282873,0.701899984,3.272971045,46.21127877,0.768841495,8.836464316,16.06039122,7.224317793,14.4482447,21.57108979,23.85129658,0.09494429,0.102485635,0.081817596,-0.094696685,-0.120833188,0.090969002,0.109153559,-0.316540338,0.129467811,0.209568919,0.885903344,0.91212484,1.49091379,0.468850986,0.514618359,1.058861478,1.022854942,0.989204935,0.953378132,0.911065409,0.368154526,0.404092311,1.273516832,7.483116697,0.38615793,-0.311833954,1.02659594,5.243734187,5.489902788,10.83677357,0.831035038,2.921850684,31.47851852,0.395943844,44.7377833,7.749772052,5.625316233,1.657081889,52.05429656,0.081669245,3,B,18.10715544,40.4166658,pos,0,1,0,FN,0,0,2016
1782,0.72495188,0.448091214,6.27145491,1.504287306,0.592715576,0.463240444,0.403164731,0.422706797,0.036822925,0.503955913,0.422706797,0.474498031,0.717635923,1.645515569,-0.175789394,-0.194154838,5.430311184,3.685332429,0.062537007,0.105509303,2.623404775,14.98305893,0.491379037,-0.053217952,0.341040708,2.797860509,0.722783245,2.970735228,48.88144676,0.784263184,8.42804406,14.23679946,6.837537785,12.64629319,20.6178159,22.50950428,0.066192322,0.106298167,0.066025318,-0.09590576,-0.122404637,0.054149929,0.032893906,-0.293781728,0.094974468,0.195502421,0.899904428,1.052904922,1.551447932,0.44709144,0.528114157,1.022948077,0.979622321,0.929227923,0.88507927,0.846581054,0.402516096,0.475460789,1.110741767,7.394626308,0.454779712,-0.252207557,1.032363874,6.083053976,6.054413224,10.648854,0.828309291,3.105764939,31.05178571,0.343653283,43.49891968,7.885955408,5.140523935,2.078373711,51.98357064,0.089743081,3,B,18.10702982,40.41663089,pos,1,1,1,TP,0,0,2016
1784,0.739998137,0.454791738,6.692252578,1.586938843,0.602976784,0.471427214,0.404558271,0.430060912,0.031751252,0.505697839,0.430060912,0.486424161,0.732998974,1.705929275,-0.201618225,-0.224071534,5.906965087,3.981258664,0.054849361,0.090964299,2.807858572,14.97935856,0.481573268,-0.043353539,0.349916364,2.786495443,0.707519248,3.295147276,56.49902765,0.798624342,9.648266788,16.11305642,7.920638202,14.38542784,23.07072966,25.15971504,0.065957538,0.098521923,0.076205926,-0.09634152,-0.122726629,0.070295502,0.052394058,-0.293840021,0.109969244,0.251936632,0.893983993,1.026977512,1.52371921,0.493603386,0.520141105,1.091206863,1.065257176,1.020915375,0.983976819,0.94897977,0.437254534,0.460762756,1.128869679,8.128238114,0.444374833,-0.258938892,1.02915499,6.490607932,6.49237076,11.79808382,0.843726606,3.337523147,31.40413793,0.386829469,44.04122107,8.079592441,5.373237536,2.225194334,52.65058641,0.099917266,3,B,18.10687429,40.41657927,pos,2,1,1,TP,1,1,2016
1785,0.719547293,0.437000904,6.131327124,1.476151676,0.582148069,0.447141707,0.376848482,0.397389071,0.026160542,0.471060603,0.397389071,0.459214563,0.711730683,1.702297258,-0.200538939,-0.222310972,5.890684355,3.788990543,0.046786498,0.080368725,2.764363918,13.83276005,0.452573407,-0.021395396,0.376866732,2.8160636,0.700721246,3.71515937,57.93529561,0.788300466,9.71771555,17.10383504,8.085974312,15.4720938,23.99354292,26.28629528,0.081477949,0.101090079,0.084508319,-0.092844039,-0.117555394,0.090767385,0.099725107,-0.309745962,0.133187406,0.264735099,0.892015468,0.933924434,1.451957716,0.503980717,0.528882998,1.041802786,1.027818711,1.007207971,0.984896946,0.952915331,0.408869595,0.429072323,1.2326197,8.003479319,0.415139468,-0.28365389,1.025355042,5.937956553,6.152453423,11.77318467,0.843421977,3.475427423,30.85,0.318927066,47.2939472,7.830487387,5.441771813,2.069722432,55.48049867,0.105971264,3,B,18.10678855,40.41655195,pos  ,1,1,1,TP,1,1,2016
1786,0.725510948,0.431896722,6.286265095,1.507242528,0.579812962,0.438309498,0.369575973,0.395392387,0.029589177,0.461969966,0.395392387,0.45523437,0.718136479,1.678793033,-0.194040483,-0.214749755,5.745315351,3.779658842,0.051284306,0.08844974,2.712828508,13.68517058,0.478609058,-0.015903739,0.352622581,2.713823985,0.700653506,3.535517211,58.39108478,0.789477327,10.06987518,17.16597636,8.310928931,15.4070301,24.61004185,26.73148602,0.074214644,0.10219117,0.082786064,-0.094611107,-0.120228348,0.081876375,0.072061645,-0.297491366,0.127206413,0.254820532,0.901033056,0.99130444,1.506844098,0.513300588,0.522794056,1.051579923,1.046731104,1.030917695,1.010903983,0.981840904,0.438556156,0.446667229,1.170432978,7.910282066,0.433825728,-0.271951112,1.029270198,6.095632635,6.149857491,11.5071482,0.840091445,3.07676391,30.79264151,0.311898528,46.67001044,7.884434879,5.001239461,2.238603109,57.33554926,0.088469936,3,B,18.1067068,40.41653145,pos,2,1,1,TP,2,1,2016
1787,0.725001842,0.434916586,6.272775988,1.504551055,0.582162621,0.443069552,0.373880247,0.398298115,0.029097084,0.467350309,0.398298115,0.457460833,0.716284612,1.689395881,-0.194160334,-0.214965163,5.800149996,3.783613063,0.050635693,0.086978605,2.728619873,13.7994583,0.456200699,-0.025263304,0.373437055,2.844668174,0.697797344,3.569635969,58.3867888,0.790855963,10.13070074,17.32627319,8.303094274,15.49866672,24.55437314,26.73527043,0.077876771,0.099138505,0.082166032,-0.09725322,-0.123746411,0.080040369,0.076999455,-0.300549936,0.126207668,0.255244733,0.893205362,0.976490663,1.496926937,0.500750135,0.514138751,1.073254899,1.058024457,1.033665121,1.008505977,0.97395914,0.42136529,0.432631383,1.18839911,7.977542005,0.417811396,-0.274244613,1.024601291,6.049318023,6.178386414,11.80204011,0.8437749,3.457575387,30.99571429,0.336782458,47.07020374,7.852987082,5.11500745,2.137478209,56.4447463,0.105187559,3,B,18.10661807,40.41650413,pos,2,1,1,TP,1,1,2016
1788,0.708323372,0.450043843,5.856908674,1.420105096,0.588432702,0.468213691,0.418250857,0.42699642,0.036446417,0.522813571,0.42699642,0.479343204,0.702608322,1.63546752,-0.182520803,-0.200732534,4.952329311,3.538149297,0.065419139,0.111175226,2.583975945,15.36470026,0.530217002,-0.060695902,0.307004169,2.566488517,0.741180984,2.752145772,43.18101254,0.76680208,6.708382315,11.23845105,5.444884585,9.974953322,17.2032751,18.73643739,0.06355416,0.123684906,0.060890488,-0.088556719,-0.112949373,0.046502123,0.019393877,-0.291852075,0.090279475,0.172469516,0.9095034,1.070710959,1.498668604,0.437277806,0.553549819,0.980154048,0.91455087,0.863164406,0.823622547,0.789952035,0.40482358,0.512466025,1.080168815,6.524792876,0.491515903,-0.228831955,1.03509668,5.72513776,5.616826605,9.414626022,0.807962379,3.83191032,30.69230769,0.299603923,43.4243585,7.976796025,4.859552608,2.073575867,50.99522592,0.121620863,3,B,18.10652734,40.41647604,pos,2,1,1,TP,1,1,2016
1790,0.717536355,0.447190766,6.080557223,1.46587859,0.589507188,0.462863344,0.410825434,0.42661129,0.038031856,0.513531792,0.42661129,0.478602961,0.711915187,1.631134957,-0.174479871,-0.192294017,4.997246544,3.613506774,0.066754344,0.11323754,2.589985,15.22455347,0.534763286,-0.055260944,0.303132554,2.567451484,0.727366507,2.734140917,43.47937412,0.774050247,7.694439194,12.23810637,6.225944613,10.76961179,18.72961583,20.21763773,0.060744652,0.117698875,0.063281947,-0.095503811,-0.122127151,0.046143161,0.007066565,-0.284088369,0.092108214,0.18324341,0.907899035,1.110930111,1.536344611,0.452637555,0.532309847,1.02531939,0.968016959,0.91895499,0.881744817,0.850327225,0.432737992,0.508907606,1.045985245,6.798173443,0.490774637,-0.224797352,1.036587376,5.942399981,5.765805419,9.743444654,0.813839968,3.73965421,30.03,0.218446721,43.00454792,7.962658307,4.49546737,2.130942854,52.48950113,0.11757082,3,B,18.10637281,40.41642822,pos,2,1,1,TP,1,1,2016
1791,0.71087353,0.443494655,5.917388089,1.432568208,0.584383906,0.458199555,0.397972526,0.411205687,0.03155887,0.497465657,0.411205687,0.469424446,0.704354887,1.664418356,-0.184217702,-0.203738839,5.408839287,3.645077413,0.056395265,0.096503795,2.662349978,14.77839331,0.464904996,-0.032666364,0.365276251,2.80854908,0.711362709,3.149988784,49.43927729,0.77863177,8.281785299,14.10726964,6.77200029,12.59748463,20.30386416,22.20908332,0.07555995,0.10646977,0.077442752,-0.092423768,-0.117915727,0.071012076,0.065167013,-0.298627847,0.118288135,0.22783716,0.886631725,0.994841472,1.4762204,0.469295679,0.524276205,1.034463373,1.008620511,0.978352808,0.938109194,0.89513061,0.405839912,0.453386252,1.156356644,7.332770958,0.43261479,-0.263046533,1.030255646,5.764867436,5.8299294,10.63224631,0.828064163,3.723042109,30.291,0.25042888,45.3543512,8.023299025,5.243519306,1.886544341,51.41595016,0.116841549,3,B,18.10628308,40.41640165,neg ,0,0,0,TN,0,0,2016
1792,0.709850857,0.424763338,5.893006751,1.427551596,0.569117694,0.429976218,0.364091492,0.384342909,0.028157439,0.455114366,0.384342909,0.447757586,0.703072037,1.651361315,-0.184095652,-0.202989026,5.405267996,3.596017867,0.050399223,0.088556767,2.626492116,13.28278417,0.477904154,-0.021940372,0.353267731,2.699009807,0.705636065,3.498513623,56.47051798,0.776805463,9.023652394,15.62328121,7.450576263,14.05020508,22.86562261,24.83207016,0.07905557,0.110888526,0.086319451,-0.087568162,-0.111398942,0.086094101,0.078912725,-0.297251762,0.138469941,0.250217074,0.903319813,0.976361727,1.467594709,0.522252217,0.537148827,1.063695612,1.061734365,1.038473014,1.004984876,0.972267258,0.443247106,0.455890191,1.178241685,7.295294088,0.441048534,-0.269986944,1.029426445,5.735640463,5.773203238,10.69249777,0.828950149,3.424756198,30.71348837,0.30219934,45.64741071,7.850437605,4.854768358,2.325206849,58.41466176,0.103746797,3,B,18.10621429,40.41637964,neg ,1,0,1,FP,0,0,2016
1793,0.703522376,0.416938235,5.745871649,1.397054786,0.560673369,0.419073123,0.354197005,0.37411407,0.026045019,0.442746257,0.37411407,0.436574546,0.696910956,1.664683649,-0.185642712,-0.204541203,5.219522027,3.553798659,0.047977495,0.085571204,2.626049245,12.81447596,0.492173982,-0.029087624,0.340326278,2.591009669,0.729713117,3.577886222,54.70823329,0.770797,8.05365462,14.30794738,6.707039753,12.96133251,21.95303521,23.77157256,0.075472858,0.116949464,0.076440299,-0.080785764,-0.102449893,0.077838742,0.071071863,-0.302201127,0.12737035,0.218997064,0.880246275,0.980041338,1.43940269,0.51368118,0.545977167,1.048595713,1.023785606,0.996672079,0.97120845,0.940847367,0.443706441,0.471603,1.157705033,6.837018022,0.456860152,-0.253488991,1.025380909,5.598720867,5.653001529,10.05744538,0.819126396,3.169168192,30.71363636,0.302217474,42.77894735,7.67426535,4.753960543,2.895630784,60.38740858,0.092526484,3,B,18.10614749,40.41634624,neg ,0,0,0,TN,0,0,2016
1794,0.713846316,0.427483408,5.989251266,1.447294683,0.572593328,0.433474228,0.367878906,0.389238917,0.025862107,0.459848633,0.389238917,0.452249381,0.708361282,1.697065742,-0.204720225,-0.226265421,5.402957479,3.716828193,0.047796522,0.083473767,2.731500613,13.37837884,0.505545647,-0.028583778,0.328422027,2.534555517,0.724264662,3.572786184,56.98189109,0.776974655,8.195075217,14.33526113,6.770634768,12.91082069,21.97380916,23.81399329,0.070929135,0.116068531,0.0776191,-0.08332997,-0.105921663,0.077008832,0.063912787,-0.29762403,0.126098785,0.236677816,0.899413491,0.990556777,1.439920241,0.524767632,0.556002486,1.053247461,1.033065556,1.005652745,0.976471147,0.943822457,0.457659419,0.484899904,1.146633525,7.081221948,0.468687088,-0.24636242,1.029040156,5.857799988,5.820266375,10.2883122,0.822825595,3.56606944,30.72880952,0.304076748,45.19497643,7.866157981,4.78867134,2.584254456,58.97069285,0.109950448,3,B,18.10607471,40.41632423,pos,2,1,1,TP,0,0,2016
1795,0.670660953,0.401754551,5.072769142,1.252280876,0.538062775,0.401915922,0.342444106,0.352413598,0.025779698,0.428055132,0.352413598,0.418220757,0.663733263,1.601885643,-0.173824211,-0.190131637,4.758818345,3.246059512,0.048898416,0.090878646,2.465118254,12.46765444,0.492881132,-0.032459913,0.33969139,2.567003605,0.737829195,3.399007026,46.9884964,0.744475188,6.729277846,12.3603252,5.583369942,11.21441729,19.30008463,20.93505614,0.085187018,0.132302835,0.076774053,-0.074955183,-0.09522733,0.083595829,0.079892016,-0.305852841,0.136445249,0.192879128,0.893710071,0.955328197,1.400539126,0.509384472,0.568715628,1.020097346,0.993689458,0.962965651,0.9304447,0.895675179,0.428995843,0.478963639,1.187387896,6.110048051,0.461065384,-0.256364319,1.026145471,4.947659342,4.992088987,8.815455606,0.796239718,3.484308047,30.67114286,0.297010447,41.96250546,7.542883537,4.588468843,2.895161498,61.07568617,0.106361123,3,B,18.10594212,40.416284,pos,2,1,1,TP,1,1,2016
1797,0.683219813,0.426865717,5.313526177,1.305108713,0.562128785,0.437299377,0.384526538,0.390130374,0.030386054,0.480658173,0.390130374,0.45036715,0.67698516,1.609713082,-0.171824608,-0.1883025,4.767226117,3.353263582,0.057063638,0.10151346,2.493473888,14.07552877,0.508439043,-0.064690923,0.325873929,2.596153121,0.746031277,2.973876118,42.41111815,0.750047094,6.150769389,10.92418763,5.087512559,9.860930805,17.07631038,18.60920567,0.073067908,0.130947602,0.069304543,-0.076925774,-0.098021503,0.068974914,0.053258153,-0.299526861,0.113636898,0.181573806,0.899753394,1.004969773,1.428732944,0.470032507,0.572698934,1.027038617,0.966589045,0.907749297,0.862741786,0.820732289,0.416857358,0.507909051,1.127561978,6.146363674,0.483177429,-0.24241929,1.02731009,5.191665997,5.154098586,8.651473627,0.792777758,3.689341951,31.37384615,0.383117605,45.65446294,7.6908383,4.796226201,1.970075507,55.3585158,0.115362112,3,B,18.10580154,40.41624529,neg ,1,0,1,FP,0,0,2016
1798,0.546334077,0.339032282,3.408530372,0.846220564,0.447724922,0.333400565,0.279912012,0.265488801,0.025284199,0.349890015,0.265488801,0.338672908,0.541447423,1.399940597,-0.109973338,-0.117351727,3.724053604,2.349382832,0.049517186,0.110597342,1.918746849,10.38473122,0.454863969,-0.046209616,0.374698971,2.738122331,0.750684993,2.973031107,28.38701686,0.659380437,4.0916987,9.177788239,3.4335012,8.519590739,13.90957806,15.37156515,0.133573184,0.17219284,0.086244948,-0.056863432,-0.072428476,0.117283905,0.142586614,-0.32786877,0.193153861,0.127761439,0.878296595,0.830858535,1.317010441,0.493837425,0.609503141,0.972192837,0.932358912,0.889614716,0.8508617,0.810229501,0.370295737,0.45702574,1.333629789,4.584332132,0.435200852,-0.310653326,1.027228054,3.361550017,3.433234041,6.300648978,0.726051752,3.063934023,31.59,0.409604451,37.39485764,7.470687236,4.639273449,2.994903808,63.87883743,0.087906704,3,B,18.10570982,40.41621493,neg ,0,0,0,TN,0,0,2016
1799,0.727711509,0.445373226,6.345150694,1.518958256,0.591486263,0.458719762,0.39840331,0.420776596,0.029474943,0.498004137,0.420776596,0.478084961,0.722643751,1.705712019,-0.201342321,-0.223460947,5.283661222,3.85472118,0.054308924,0.091817727,2.781997598,14.45534502,0.538456493,-0.046368951,0.300004264,2.462012731,0.735781818,3.194180926,54.48847233,0.782791063,7.840776864,12.77838298,6.421496106,11.35910223,20.31736311,21.88073819,0.058650487,0.116656676,0.065135939,-0.087954667,-0.112034462,0.051217398,0.021582057,-0.288974766,0.099339276,0.207936156,0.899837427,1.074072474,1.472229719,0.497050426,0.550133869,1.053067347,1.015441343,0.970507725,0.937141768,0.903508136,0.466784643,0.516635793,1.064838859,6.988748829,0.498093948,-0.215528643,1.03227277,6.210942633,6.080471463,10.07706657,0.819446783,3.686688572,31.09708333,0.349203918,46.7877566,7.71414797,4.767830191,2.346676746,56.01795901,0.115245628,3,B,18.10563804,40.41619064,pos,2,1,1,TP,1,1,2016
1801,0.692809746,0.410420763,5.510623212,1.347471664,0.551993872,0.411031598,0.351603961,0.368864108,0.026663103,0.439504952,0.368864108,0.434571697,0.687174187,1.643264403,-0.184527283,-0.20294507,4.885561026,3.480909631,0.050307501,0.091137789,2.583252725,12.88504173,0.544268677,-0.034783572,0.295111421,2.361835166,0.744233195,3.362665328,49.91390821,0.755306428,6.953118507,12.19405079,5.796751487,11.03768377,19.84841045,21.38180746,0.067451101,0.132406981,0.069178424,-0.078251027,-0.099254606,0.066882182,0.046029243,-0.296463767,0.11800005,0.191566975,0.899924201,1.017741435,1.428430617,0.538971411,0.578183045,1.045052147,1.021419136,0.98638502,0.961058833,0.932181281,0.484297994,0.519531988,1.112892099,6.294732098,0.503921276,-0.22813553,1.028612594,5.393334306,5.323021818,8.86533413,0.797269918,3.161658957,31.85190476,0.441697476,41.73403421,7.623867084,4.571894617,3.110726312,60.71211996,0.092196828,3,B,18.10548351,40.41613599,pos,1,1,1,TP,0,0,2016
1802,0.660140139,0.394244164,4.884778484,1.210153498,0.528621583,0.392559591,0.332381879,0.340438978,0.023096644,0.415477349,0.340438978,0.409125563,0.653221507,1.622566625,-0.183351367,-0.201174195,4.832163877,3.287520061,0.044897556,0.084933262,2.517652039,12.52639621,0.499627978,-0.023932678,0.333664101,2.483757709,0.746101763,3.516177516,46.80132926,0.736148745,6.106394947,11.78046885,5.093584576,10.76765848,18.64722216,20.31251,0.085042752,0.13550068,0.078828479,-0.067352149,-0.085626933,0.093789088,0.090822826,-0.308908738,0.146346071,0.199826823,0.887898083,0.929530321,1.366270853,0.522990582,0.587450884,0.981050264,0.977369776,0.949608724,0.920463622,0.890271162,0.432712956,0.486046246,1.208631668,6.072125863,0.470103267,-0.257671887,1.023168406,4.767370353,4.82227685,8.382262889,0.78683181,3.28681604,31.77428571,0.43218627,42.64973574,7.613121796,4.796255321,2.83506846,60.89975927,0.097691224,3,B,18.10538082,40.41611094,neg ,0,0,0,TN,0,0,2016
1803,0.614154127,0.376749901,4.183416852,1.045340278,0.499881373,0.375080976,0.329284773,0.324516061,0.027812338,0.411605966,0.324516061,0.387804601,0.608756706,1.529155145,-0.140259544,-0.15203288,4.017124802,2.862129779,0.055225283,0.110476777,2.229008086,12.50818814,0.520919739,-0.053343717,0.314993783,2.435199734,0.762633904,2.861872943,30.72140132,0.695426282,4.583733671,8.671133946,3.828942319,7.916342593,14.51637246,15.74796194,0.085096617,0.159669689,0.071258312,-0.064021611,-0.081518464,0.083214468,0.067060414,-0.303773828,0.139083038,0.146046664,0.877746828,0.968907262,1.359903881,0.472768806,0.596769714,0.969031948,0.908899321,0.864315959,0.826912449,0.792213135,0.411099711,0.518925644,1.150010066,5.009902492,0.497150226,-0.241754875,1.026337783,4.111908703,4.056109031,6.756103241,0.742138554,3.359006019,32.03933333,0.464664412,39.40441563,7.373268237,4.257376025,2.696751243,61.11933419,0.100860364,3,B,18.10527414,40.41608437,neg ,0,0,0,TN,0,0,2016
1804,0.591777766,0.374886675,3.899292186,0.97466255,0.490788769,0.376183539,0.320381015,0.307125785,0.02074866,0.400476269,0.307125785,0.384347748,0.589388869,1.513193981,-0.14024623,-0.151629178,4.226419106,2.726508063,0.041852643,0.085276285,2.182464395,11.79171335,0.452129447,-0.039884018,0.377287682,2.716976011,0.741310546,3.188994587,34.70013784,0.695408028,4.302467252,9.516424401,3.655861575,8.869818724,14.43030687,16.0500018,0.114483124,0.152613335,0.095293307,-0.054031816,-0.068614952,0.132697017,0.145206686,-0.321044365,0.19734245,0.182096217,0.85693808,0.83095232,1.28807716,0.521320188,0.598144505,1.011108429,0.99295599,0.9511117,0.908280225,0.87156228,0.395200574,0.453439281,1.319128116,5.165246872,0.43510864,-0.298885396,1.028975741,3.870788562,3.885644054,7.210353211,0.756405121,3.186098018,33.11,0.5958607,42.01656798,7.883696045,4.997993654,1.953112495,59.43599613,0.093269703,3,B,18.10517644,40.4160578,neg,0,0,0,TN,0,0,2016
1805,0.571128689,0.333229753,3.663403565,0.914001976,0.450685743,0.320111275,0.258529765,0.255312245,0.021005213,0.323162206,0.255312245,0.330420409,0.561358358,1.459100264,-0.135211293,-0.144634167,4.003314583,2.462415236,0.040641188,0.090176335,2.036619362,9.302819229,0.446784771,-0.036431116,0.382375623,2.741323233,0.737529723,3.683714865,38.16565224,0.677275174,5.447442462,11.94338026,4.57956046,11.07549826,18.0248187,19.67965035,0.138749203,0.165508227,0.088809317,-0.063096601,-0.08044795,0.117434215,0.156357453,-0.332880791,0.20195761,0.146100682,0.893095243,0.811701047,1.319637155,0.527386984,0.606414016,0.999263411,0.964145543,0.93096879,0.898825803,0.86968139,0.379807707,0.436720518,1.388563146,4.983468115,0.422559862,-0.315467992,1.020492373,3.559530626,3.799139996,7.107965689,0.753329001,2.912633886,31.97153846,0.456357031,44.05109228,7.378709364,4.570335168,4.29818956,65.75084944,0.081264628,3,B,18.10509668,40.41602744,neg ,0,0,0,TN,0,0,2016
1808,0.691853077,0.382445641,5.490410415,1.343162481,0.52674197,0.367993768,0.308369007,0.333587253,0.039783516,0.385461258,0.333587253,0.406480987,0.68490143,1.518166345,-0.126359866,-0.137685751,4.81102885,3.103547499,0.062703092,0.119039484,2.266124723,11.59525405,0.62643415,0.013353123,0.229683968,2.142278244,0.780971286,3.205932638,48.24523053,0.746217614,7.35546584,14.51017469,5.895005876,13.04971472,22.3914713,24.20975425,0.064538019,0.138053445,0.050136613,-0.07329807,-0.094385875,0.060274466,0.024810814,-0.303028855,0.080263702,0.115402703,0.951432413,1.05362611,1.633300479,0.647049315,0.598995089,1.045609483,1.039423226,1.059916705,1.082018949,1.080224741,0.563994654,0.522108625,1.147261432,6.147644233,0.521242863,-0.269391947,1.047454023,5.347220166,5.176054416,8.540412185,0.790365452,2.83935952,32.44333333,0.514169362,39.49319245,7.361574341,4.441178296,3.916084032,62.45567182,0.078047883,3,B,18.10490227,40.41596596,neg ,0,0,0,TN,0,0,2016
1809,0.723111767,0.446417864,6.223131071,1.494620426,0.590792109,0.460955553,0.397105891,0.416101386,0.037422398,0.496382363,0.416101386,0.481764271,0.713751665,1.650657903,-0.175409359,-0.193863373,5.703228923,3.653744589,0.061638681,0.104332268,2.618318294,14.94958189,0.509294912,-0.008250416,0.325122071,2.587707324,0.732541486,3.099357336,49.25128552,0.78227631,8.307832066,15.09823247,6.712001135,13.50240154,20.9858249,23.22032407,0.070216241,0.106778339,0.063466895,-0.091806097,-0.117707763,0.064047201,0.053536615,-0.305324286,0.090811622,0.184172207,0.908189686,1.00295544,1.56554032,0.541182829,0.547366245,1.033489695,1.033361541,1.025303126,1.011052989,0.98870333,0.458415468,0.463653206,1.180550977,7.666736997,0.453403999,-0.278892835,1.029694762,5.986940199,6.084886942,10.79390279,0.830420851,2.577571403,30.89076923,0.323922805,42.78120716,7.905213483,5.822589192,2.133577458,51.03174083,0.066555385,3,B,18.10787392,40.41699333,pos,1,1,1,TP,1,1,2016
1810,0.659194794,0.403558887,4.868454955,1.206457558,0.535890386,0.406597272,0.347633755,0.351487797,0.037035056,0.434542194,0.351487797,0.423788177,0.646946103,1.525975277,-0.133751688,-0.145396133,4.896402605,2.992364209,0.062675921,0.116956607,2.245377709,13.19093292,0.475967494,-0.007633578,0.355043392,2.689801649,0.737031602,3.02697626,38.83876372,0.737910911,7.016646352,13.64657242,5.713536715,12.34346278,18.77083927,20.829974,0.099706961,0.124159474,0.068732915,-0.083525738,-0.106851212,0.080799444,0.098368525,-0.32226603,0.113335979,0.148529046,0.910386483,0.918390492,1.502761457,0.538015282,0.559788321,1.005337485,1.002683704,0.994699543,0.983199346,0.961104872,0.420786223,0.437815098,1.278595288,6.505985067,0.427976509,-0.311957169,1.023292392,4.664857454,4.9054876,9.025565899,0.800510014,2.410486254,32.66421053,0.541234992,44.01230583,7.625957456,5.607302734,1.689997311,53.89321763,0.059220347,3,B,18.10777949,40.41696813,pos,0,1,0,FN,0,0,2016
1811,0.676505004,0.403794674,5.182475839,1.276505181,0.541540989,0.403934487,0.342232236,0.354074097,0.034645405,0.427790295,0.354074097,0.419732615,0.668370099,1.554589443,-0.143543871,-0.156713961,5.07780666,3.18014781,0.058819831,0.108615658,2.337812808,13.03112336,0.471466845,-0.025908113,0.359187947,2.789676582,0.722714639,3.176179665,43.00140776,0.753475806,7.97479334,14.82858905,6.499050315,13.35284603,20.85305049,22.89403226,0.088984013,0.11536925,0.073995642,-0.088010969,-0.112488466,0.084132946,0.085896005,-0.311591969,0.121289331,0.174661301,0.893444134,0.946224316,1.510855602,0.510699907,0.539661654,1.039563634,1.020087297,0.994970389,0.973897088,0.946333509,0.416226229,0.439830383,1.226976751,6.844793154,0.427382148,-0.295866406,1.030446193,5.030819277,5.1174395,9.555894792,0.810532405,2.205937764,32.87277778,0.566792199,44.5072817,7.594366415,5.083822466,1.939117538,57.03461346,0.050240668,3,B,18.10768019,40.41693774,neg,0,0,0,TN,0,0,2016
1812,0.747071739,0.454525417,6.907380514,1.628189589,0.605067051,0.470037193,0.400479118,0.430316991,0.03516168,0.500598898,0.430316991,0.485451807,0.73906172,1.704187436,-0.189851704,-0.211197539,6.084118839,3.958326211,0.057470371,0.094981822,2.774908087,14.86805485,0.484260295,-0.028738909,0.347472547,2.80115612,0.720426656,3.295684711,59.57467047,0.802566254,9.759699061,16.99902458,7.903805744,15.14313126,23.80731611,26.13840075,0.063750631,0.095044107,0.067455525,-0.096100227,-0.122872692,0.065203498,0.044484697,-0.297848745,0.093649883,0.218682548,0.898691943,1.031017434,1.584718454,0.497535216,0.52546283,1.062465232,1.051561907,1.022056234,0.984843014,0.946851399,0.433988412,0.458349021,1.146425118,8.324394786,0.440667604,-0.268950153,1.031587546,6.66464774,6.705812007,12.0354204,0.846571883,2.51304281,30.76493671,0.308503665,43.12224617,8.036028773,5.558876908,2.308888462,52.91546984,0.063722579,3,B,18.10758965,40.41690513,pos,2,1,1,TP,1,1,2016
1814,0.746722953,0.455578391,6.896491309,1.626117155,0.605798602,0.471717985,0.401487618,0.430638781,0.033495204,0.501859523,0.430638781,0.48882829,0.739830951,1.699137402,-0.189504019,-0.210881639,6.14917629,3.998536286,0.055537267,0.091676123,2.785086793,14.88832676,0.480973774,-0.020660265,0.350462807,2.784650501,0.71484458,3.342992122,58.71437686,0.804370733,10.14936273,17.44591918,8.256966135,15.55352259,24.2793572,26.63402715,0.065234151,0.093766133,0.069693564,-0.097725436,-0.124949245,0.066363406,0.054858673,-0.300795083,0.09782591,0.229946915,0.897190351,1.016856711,1.563780026,0.518520029,0.519945321,1.081031977,1.086272014,1.062984982,1.031535441,0.997258767,0.449733436,0.450969649,1.152949697,8.492107822,0.435984474,-0.272623174,1.032980252,6.687309483,6.786572033,12.32672747,0.849925647,2.748336096,31.44203704,0.391473512,43.01541647,8.028834686,5.673533827,2.311932606,52.35772983,0.074051955,3,B,18.10739592,40.41685473,pos,2,1,1,TP,0,0,2016
1815,0.692837847,0.418214757,5.511218853,1.347598529,0.558460162,0.422882066,0.356526655,0.370555335,0.030527582,0.445658318,0.370555335,0.434381856,0.683871888,1.613312394,-0.164631182,-0.180951907,5.501230094,3.417849708,0.052807307,0.094558773,2.505090871,13.45390937,0.435657281,-0.001035819,0.393090138,2.880744967,0.710683791,3.430206476,49.36946926,0.770541049,8.944234558,16.30131518,7.304974554,14.66205517,22.3949739,24.6581017,0.091568269,0.102811194,0.080408271,-0.089937923,-0.114792274,0.093664823,0.105505552,-0.315837707,0.129856736,0.213880596,0.876578721,0.919877591,1.480597077,0.495409588,0.519004365,1.017813919,1.006890285,1.010992052,0.993956299,0.954538384,0.394822711,0.413626857,1.254764667,7.481449159,0.397223411,-0.302818249,1.024552242,5.326549032,5.521159467,10.75456728,0.829853371,2.51785428,31.12111111,0.35214821,46.09646677,7.767345301,5.449752971,1.841065184,54.89693233,0.063933803,3,B,18.10731317,40.41683323,pos,0,1,0,FN,0,0,2016
1816,0.708440517,0.417404186,5.859663683,1.420674221,0.562521148,0.418897748,0.351578073,0.373636666,0.031244191,0.439472591,0.373636666,0.435691029,0.700226,1.629478025,-0.170930948,-0.188042905,5.537632927,3.53228823,0.053171933,0.094524327,2.552952123,13.1670493,0.468619179,-0.019102312,0.361823425,2.796294932,0.706705778,3.478344334,53.07555928,0.777632573,9.540605769,16.93627818,7.812110952,15.20778337,23.9825745,26.14837239,0.081006226,0.10521304,0.081180707,-0.091950212,-0.117178752,0.085489473,0.08058718,-0.302880596,0.128216758,0.226673698,0.896296427,0.967571815,1.516880049,0.514727904,0.525196966,1.052033457,1.04932652,1.028681343,1.007154379,0.980066408,0.427084252,0.435770728,1.205213963,7.55359881,0.424050435,-0.285797997,1.029515613,5.67169268,5.755364584,10.89919643,0.831921423,2.602034627,31.294,0.373333497,44.74966044,7.809648396,4.945189888,2.289891058,58.42499869,0.06762932,3,B,18.107246,40.41680433,pos,0,1,0,FN,0,0,2016
1818,0.745990685,0.462271138,6.873727002,1.621779358,0.610832875,0.482113754,0.416994652,0.443191355,0.034659092,0.521243315,0.443191355,0.495732247,0.7374784,1.71867064,-0.205796697,-0.228587148,5.833165726,3.97009142,0.058731452,0.096149788,2.817225995,15.26654682,0.50625139,-0.034325278,0.327799605,2.649788158,0.724234684,3.169612679,56.77868386,0.799174414,9.050260452,15.23390998,7.338320533,13.52197006,21.99753157,24.04590888,0.062103982,0.101858467,0.066059198,-0.094878114,-0.121224307,0.056480746,0.031400996,-0.292939901,0.091832861,0.218709329,0.900703904,1.05909422,1.556103237,0.472978562,0.52904271,1.021427993,0.982467036,0.95273456,0.925549208,0.894027181,0.425418712,0.47584539,1.111795388,7.90228953,0.459639216,-0.249676661,1.02845453,6.618420739,6.61342052,11.61767726,0.841492221,3.222121554,30.66675,0.29647216,43.82583324,8.121100988,5.469337555,2.34049814,51.85969692,0.094851136,3,B,18.10705908,40.41673762,pos,1,1,1,TP,0,0,2016
1819,0.699313886,0.415914543,5.651454478,1.377278797,0.558553298,0.418257619,0.354225493,0.372459709,0.032794173,0.442781866,0.372459709,0.435223835,0.689808806,1.605249682,-0.168336087,-0.184944208,5.275232312,3.39936945,0.056097993,0.100434449,2.503631438,13.18926607,0.485084524,-0.022472322,0.346724694,2.686679901,0.720219906,3.337221109,50.51803703,0.767296796,8.547923467,15.39797821,6.955143892,13.80519863,22.11545573,24.14092107,0.081570007,0.11373974,0.073749447,-0.089971795,-0.115056314,0.073836237,0.070847379,-0.304476624,0.11705589,0.195651986,0.902268251,0.976153618,1.514821258,0.510413243,0.540567448,1.032924942,1.010000861,0.990080605,0.971079734,0.944217497,0.427640443,0.452904594,1.193556997,7.08403991,0.440376241,-0.27904899,1.025638255,5.447636286,5.540930765,10.13271288,0.82034927,2.835315058,30.82125,0.315404127,44.83200733,7.752876391,4.892697008,2.249446474,58.32562551,0.077870331,3,B,18.10697049,40.41671538,pos,0,1,0,FN,0,0,2016
1820,0.740131229,0.451225158,6.696192156,1.587700167,0.600185605,0.465921924,0.398610106,0.425642166,0.032395875,0.498262633,0.425642166,0.479202595,0.733564477,1.702346822,-0.195777314,-0.217322249,5.847676394,3.929113346,0.055370729,0.092256009,2.77604003,14.66761461,0.485594354,-0.04633647,0.346262521,2.794901585,0.713458008,3.304627715,57.4258979,0.797887277,9.630751226,16.20803357,7.8708981,14.44818045,23.29002824,25.38584096,0.065043118,0.099745763,0.071869141,-0.096521156,-0.123032959,0.064351998,0.046934665,-0.295186322,0.103611359,0.233819285,0.895810618,1.032887468,1.537240372,0.475774245,0.52588407,1.061430158,1.029315188,0.983332224,0.942548976,0.904713171,0.422523249,0.467024537,1.126030924,8.013804943,0.448277236,-0.257204594,1.031918198,6.506506545,6.507340542,11.65332236,0.841938746,3.214140604,31.06425532,0.345181271,45.58045761,7.990742573,5.231108205,2.20400354,53.76754866,0.094500773,3,B,18.10687509,40.41667981,pos ,0,1,0,FN,0,0,2016
1821,0.702000202,0.422138827,5.711413946,1.38985647,0.564531823,0.427296406,0.357785657,0.374791115,0.026150193,0.447232071,0.374791115,0.439859458,0.692053725,1.654525716,-0.182303126,-0.200873744,5.629454382,3.540316625,0.046673896,0.082677175,2.611318101,13.08793812,0.448035378,-0.0035113,0.381181724,2.768129616,0.713085503,3.72894211,58.05554806,0.77537704,8.78884099,16.37671647,7.244334573,14.83221005,23.05491906,25.34853326,0.089627208,0.10630138,0.084515612,-0.084159719,-0.1072181,0.095433132,0.110233336,-0.314253779,0.138707186,0.240166637,0.881101343,0.907733745,1.443386637,0.513140229,0.536148903,1.004545904,1.002906028,1.000179136,0.986901652,0.95708529,0.404498503,0.422635796,1.268583752,7.468830659,0.409867085,-0.295033805,1.019726281,5.494639361,5.727805662,10.96352784,0.832825231,3.11492756,31.47,0.39490001,47.07554936,7.862711515,5.213381259,2.088569844,57.40273605,0.09014532,3,B,18.10680013,40.41665312,neg ,0,0,0,TN,0,0,2016
1822,0.727366794,0.453442056,6.335863546,1.51711413,0.597679454,0.471012225,0.406745521,0.425145331,0.031959403,0.508431901,0.425145331,0.482720187,0.719567684,1.686899461,-0.196588712,-0.217568049,5.732464311,3.800401018,0.055708382,0.093207792,2.731257143,14.96657897,0.471243225,-0.030747086,0.359394535,2.785429378,0.70856465,3.243509291,53.55366699,0.790875466,8.983998306,15.36989067,7.366925213,13.75281758,21.69501679,23.79680185,0.073135546,0.10169249,0.077453072,-0.094366854,-0.120137582,0.073592671,0.06573123,-0.299149411,0.113666354,0.242343417,0.891164134,0.99626067,1.502743713,0.478818976,0.520390206,1.03493144,1.008625615,0.979680855,0.9531639,0.920115273,0.411122189,0.44681596,1.164663425,7.806635554,0.431323709,-0.268799339,1.027612699,6.13184567,6.212032694,11.43664383,0.83918491,3.481245294,30.758,0.307653661,44.39587253,8.091182699,5.485502631,2.051365527,51.25748505,0.106226668,3,B,18.10671348,40.41663015,pos,1,1,1,TP,1,1,2016
1823,0.646654407,0.388447984,4.660180963,1.158745229,0.519687892,0.386394435,0.326952259,0.331347228,0.030687833,0.408690324,0.331347228,0.396592269,0.636825732,1.534111326,-0.144080937,-0.156543588,4.760470125,3.00368117,0.054954517,0.105745232,2.278262045,12.49286511,0.44543811,-0.040315369,0.383663531,2.893127981,0.715665762,3.219885399,39.4734711,0.732412493,7.235345493,13.60425928,6.008702135,12.37761592,19.39879764,21.27894922,0.103953317,0.12471647,0.086455712,-0.08042485,-0.101893745,0.097620766,0.110762798,-0.313042081,0.154508144,0.190955858,0.890042307,0.908894412,1.440487339,0.480198368,0.546745079,1.021443974,0.984648997,0.947613709,0.910764085,0.87828567,0.380245794,0.432940906,1.262863063,6.316417334,0.417501964,-0.301150189,1.023102899,4.506998095,4.651254257,8.856703013,0.797092395,2.989402178,31.388,0.384851975,43.72084891,7.637290726,4.923503644,2.013846306,58.30359201,0.084634756,3,B,18.10663073,40.41660346,pos ,0,1,0,FN,0,0,2016
1824,0.745120566,0.466083327,6.846847303,1.616648105,0.613473773,0.488023059,0.423889564,0.447827713,0.031556866,0.529861954,0.447827713,0.503096519,0.739106764,1.739979823,-0.217944458,-0.24244689,5.831770914,4.062518069,0.055669485,0.090744686,2.88614559,15.47276784,0.509578262,-0.043459668,0.324873344,2.627361093,0.720778361,3.210760485,56.694659,0.799660923,8.862328122,14.64413661,7.222706731,13.00451522,21.49900902,23.44707919,0.061002767,0.103594257,0.069611593,-0.093711659,-0.119527008,0.057763585,0.035704758,-0.291768459,0.098870321,0.239311751,0.908855201,1.05231779,1.510608981,0.487492282,0.53307717,1.054657637,1.023232549,0.980113893,0.946569016,0.914487262,0.444523493,0.486090415,1.096662584,7.864716021,0.469615511,-0.239782975,1.030823815,6.66597107,6.643771042,11.64222551,0.841800006,3.68761135,30.33494118,0.2558133,43.98885421,8.133560527,5.466127789,2.368813606,51.28789087,0.115286138,3,B,18.10654506,40.41657826,pos,3,1,1,TP,3,1,2016
1826,0.734308078,0.455040575,6.527515263,1.554900245,0.601273786,0.472554263,0.412223621,0.434425918,0.035408057,0.515279526,0.434425918,0.486906711,0.728158591,1.673110075,-0.188922916,-0.209230799,5.477601346,3.82533004,0.061111477,0.10163669,2.715402818,15.16315469,0.504126395,-0.043333676,0.329675489,2.691985911,0.707034705,2.997189441,50.37186678,0.791786433,9.180434739,14.66793582,7.47563981,12.96314089,21.4260555,23.21977046,0.063802855,0.104970765,0.071578094,-0.101288517,-0.12919146,0.055822101,0.027300224,-0.286328526,0.10194928,0.225431794,0.903627414,1.077517493,1.542928639,0.463916705,0.51607571,1.046145955,1.005819316,0.965706136,0.932135962,0.898931488,0.429270358,0.47753401,1.080709852,7.609108553,0.460523331,-0.241837742,1.034349988,6.357230853,6.253177997,11.13867254,0.835237338,3.696980673,30.28492754,0.249684778,43.61394973,8.028832029,5.022276457,2.188958782,52.13295344,0.115697452,3,B,18.10638638,40.4165249,pos,1,1,1,TP,1,1,2016
1827,0.684450273,0.419804793,5.33814523,1.310442648,0.557044053,0.42664012,0.367485503,0.37682569,0.031557481,0.459356879,0.37682569,0.438671949,0.675267516,1.589303887,-0.159378762,-0.174710114,5.039826862,3.322024351,0.056480375,0.101393014,2.457898773,13.66384854,0.458378515,-0.037868092,0.371386084,2.836964027,0.708340556,3.146219394,44.87896133,0.758939386,7.964143523,13.91855903,6.571305311,12.52572082,20.03154352,21.87283955,0.087679075,0.115320527,0.080806459,-0.091178177,-0.116011446,0.081694975,0.080763453,-0.303238779,0.131557676,0.208913923,0.890464869,0.964427713,1.463128557,0.478775315,0.528878805,1.037199917,1.010795798,0.97352078,0.937998548,0.905264704,0.400191874,0.442071664,1.19636441,6.824572275,0.426644449,-0.276495794,1.024359712,5.158915718,5.265920697,9.913563584,0.816741802,3.529359922,30.37769231,0.261051895,45.59256976,7.659684696,5.006941466,1.818249221,54.90322021,0.108338901,3,B,18.10631044,40.41649599,neg,0,0,0,TN,0,0,2016
1828,0.735853731,0.475701859,6.57156255,1.56350591,0.6172671,0.503223754,0.453065391,0.466230414,0.035774766,0.566331739,0.466230414,0.511666731,0.730955637,1.704451093,-0.204359931,-0.226627402,5.271093585,3.911631049,0.064648101,0.104732782,2.791965387,16.48128764,0.526098197,-0.097763457,0.310531658,2.710195712,0.750422155,2.74038527,46.27859604,0.786789179,6.782285987,10.95868354,5.511734269,9.688131817,17.21104469,18.69777139,0.050589012,0.114879137,0.054020343,-0.089248594,-0.113829049,0.032652388,-0.004294132,-0.287187184,0.075321012,0.176612362,0.893813517,1.118828434,1.507670153,0.413107147,0.548632924,1.022970341,0.953128812,0.860107598,0.795995796,0.752975494,0.401651317,0.533418844,1.028521828,6.905396429,0.504589747,-0.205382647,1.034641443,6.433718274,6.240205266,9.95423072,0.81742214,4.137946478,29.66447059,0.173655841,43.64778486,8.004512072,4.932218194,2.247963198,48.2529235,0.13505585,3,B,18.10623743,40.41646931,pos,3,1,1,TP,2,1,2016
1829,0.650693769,0.388078649,4.725635055,1.173852584,0.520621497,0.385093493,0.324578296,0.330848693,0.026271019,0.40572287,0.330848693,0.400426676,0.643481138,1.554876183,-0.152306581,-0.166074438,4.747337958,3.085974266,0.048987706,0.094094667,2.34587533,12.15354263,0.466537205,-0.028721278,0.363756741,2.700924461,0.723987282,3.397422343,42.35374769,0.735347179,7.058291244,13.24799917,5.861567239,12.05127516,19.66487847,21.44282416,0.098332902,0.128646823,0.082961316,-0.078178433,-0.099440735,0.097320449,0.106756546,-0.313653003,0.152691957,0.191450133,0.887730111,0.910084816,1.40003766,0.521848825,0.555586725,1.041410253,1.021237671,0.993029906,0.968021815,0.939275186,0.419170624,0.446270305,1.244955622,6.212846586,0.433017745,-0.284077936,1.025851719,4.609801368,4.705138067,8.818969291,0.796312633,3.073421451,31.65166667,0.417160899,41.52982475,7.594021257,4.80962206,2.639659929,60.96544844,0.088323202,3,B,18.10613521,40.41644114,pos ,0,1,0,FN,0,0,2016
1831,0.623160647,0.375516392,4.307301333,1.075403896,0.501775181,0.371639013,0.313557744,0.313221465,0.022732614,0.39194718,0.313221465,0.388181943,0.61799688,1.545203444,-0.157576476,-0.171034318,4.416479006,2.918493288,0.044613363,0.088911059,2.294118714,11.62178157,0.482498654,-0.025630775,0.349073738,2.543189454,0.744467309,3.403814866,39.85978029,0.712875054,5.500439721,11.1031002,4.669932364,10.27259284,17.2809229,18.88786744,0.100920099,0.147105173,0.084133619,-0.063126139,-0.079948536,0.104588059,0.117899059,-0.317605409,0.167328537,0.180091968,0.884783424,0.88481644,1.338969408,0.545941606,0.589063169,1.028869031,1.008795879,0.984484277,0.958307748,0.926796368,0.433797308,0.468061079,1.258517734,5.525794112,0.452670146,-0.279950234,1.026497326,4.235559335,4.308066248,7.722962021,0.770720084,3.395809825,32.13,0.475774434,41.28247662,7.588931987,4.789986015,3.007784873,62.22839607,0.102476051,3,B,18.10596874,40.41637962,neg,0,0,0,TN,0,0,2016
1834,0.64406067,0.409603541,4.618935118,1.149170798,0.535336289,0.417716191,0.377230191,0.370626449,0.031791498,0.471537739,0.370626449,0.430418779,0.63872227,1.545340353,-0.156139154,-0.169909043,4.121092903,3.016526468,0.062205286,0.116198523,2.32028551,13.86933387,0.545121893,-0.068764895,0.294396261,2.401510472,0.776633175,2.655205703,32.68177788,0.713572152,4.338955455,7.993646879,3.57359623,7.228287654,13.53456213,14.72457762,0.07136674,0.157870051,0.059542257,-0.066681704,-0.084947611,0.061789636,0.036281719,-0.29989611,0.104435327,0.13299765,0.892837462,1.018846821,1.39191963,0.456932085,0.600847876,0.971921324,0.89514452,0.838666368,0.798504954,0.760478823,0.413210265,0.543355387,1.105810101,5.09512779,0.517479902,-0.222604911,1.029626134,4.535907234,4.424414445,7.076212961,0.75235918,3.702951077,31.7652381,0.431077602,44.40156536,7.375416858,4.212315375,1.914539834,56.40865523,0.115959552,3,B,18.10563969,40.41628253,pos,0,1,0,FN,0,0,2016
1835,0.642082402,0.396619641,4.587878361,1.141933323,0.524766637,0.399234853,0.343359709,0.342257605,0.022435618,0.429199636,0.342257605,0.411809822,0.636773366,1.584652536,-0.171185235,-0.186331831,4.446544181,3.045449618,0.044895277,0.085552841,2.385434863,12.26546062,0.500785349,-0.040358806,0.332635611,2.472335882,0.758259722,3.324188686,42.25146454,0.722355175,5.024773088,10.08763033,4.225569198,9.288426439,16.22475343,17.75852585,0.090543997,0.149802775,0.077613352,-0.06052084,-0.076959293,0.093436773,0.098529204,-0.313413356,0.147048918,0.178875537,0.882901962,0.911442338,1.330762001,0.504899812,0.602567822,0.985162423,0.936366566,0.902571803,0.871734177,0.837913664,0.412729975,0.492568618,1.223317525,5.459522994,0.473458522,-0.25964645,1.025946657,4.506204155,4.558466324,7.790432111,0.772479899,3.510522657,31.73275862,0.427097665,42.94084222,7.602134787,4.760872265,2.699375449,60.99401848,0.107511945,3,B,18.10553455,40.41624917,pos,0,1,0,FN,1,1,2016
1836,0.552386318,0.336954842,3.468138669,0.862293927,0.448091478,0.329305985,0.274937039,0.263667196,0.019021209,0.343671299,0.263667196,0.339145893,0.54659837,1.462777007,-0.134089064,-0.143509723,3.724872017,2.465631746,0.03938476,0.087894464,2.03861411,10.06099446,0.475545421,-0.050213053,0.355430996,2.548263236,0.770209089,3.252818182,31.91108896,0.659371297,3.828977001,8.67306094,3.233904858,8.077988796,14.13955987,15.49802038,0.125060834,0.181082764,0.080053319,-0.050279207,-0.064233128,0.11995887,0.136160409,-0.32953644,0.187659194,0.131277681,0.878959272,0.838020523,1.266011926,0.522232456,0.629092986,1.000606692,0.950188763,0.905158275,0.871418807,0.830135556,0.400089903,0.481957315,1.305287766,4.461926543,0.459124705,-0.284360053,1.020027931,3.411100158,3.484464126,6.133503428,0.719632854,3.033864947,33.595,0.655291148,40.3111027,7.699683493,4.517635675,3.872985362,65.13597885,0.086586671,3,B,18.10542843,40.41622249,neg,0,0,0,TN,0,0,2016
1837,0.655874731,0.403288173,4.81183709,1.19359,0.534585739,0.406747209,0.351738004,0.354162747,0.0234988,0.439672505,0.354162747,0.423536709,0.64935582,1.632126803,-0.189140618,-0.206956712,4.590139779,3.225459932,0.046847081,0.087632493,2.510557806,12.93199236,0.516133146,-0.046790506,0.319145357,2.436444029,0.761056835,3.299847709,42.28788791,0.728782097,5.17488,9.999237938,4.306667574,9.131025512,16.35589709,17.85606243,0.081706472,0.146725412,0.072317741,-0.063991848,-0.081259318,0.079509559,0.076473146,-0.307668242,0.133016495,0.181388559,0.896099269,0.947304509,1.348105448,0.518464898,0.604248197,1.011145681,0.975735237,0.930216457,0.893204728,0.858033007,0.437922454,0.510379496,1.18391942,5.638714116,0.490282284,-0.241148793,1.023949569,4.703787804,4.750181932,7.877253862,0.774705102,3.633321997,31.68136364,0.420799877,44.01326534,7.718211351,4.683591094,2.539415211,59.8430698,0.112902836,3,B,18.10533984,40.41619655,neg,0,0,0,TN,0,0,2016
1838,0.668746937,0.409859078,5.037680024,1.244477673,0.544014859,0.414353635,0.355158438,0.360897679,0.022461658,0.443948047,0.360897679,0.430102369,0.663293433,1.658403297,-0.189986097,-0.209029285,4.854546723,3.350533491,0.044396008,0.08160808,2.583860088,12.99508953,0.507202854,-0.031920509,0.326961394,2.448297211,0.743377528,3.469770669,47.03595526,0.743296826,5.908365014,11.24931876,4.947830461,10.28878421,17.84296087,19.48639328,0.081074663,0.13548284,0.080622765,-0.067375266,-0.085953296,0.094890562,0.089702784,-0.306335201,0.145606132,0.211855091,0.877352859,0.932413908,1.350963031,0.520856887,0.588081082,0.993990106,0.97117009,0.938927745,0.915408553,0.885688902,0.435196754,0.491365256,1.196830818,6.094853694,0.475412594,-0.253352278,1.024825631,4.939890086,4.943456825,8.570405085,0.79102243,3.466360669,32.44375,0.51422042,45.02502862,7.781305724,4.81474943,2.414563773,59.3540345,0.105573233,3,B,18.10523568,40.41616542,neg,0,0,0,TN,0,0,2016
1839,0.672089986,0.418104823,5.099234278,1.258148418,0.551582375,0.426015226,0.376573663,0.38041341,0.026592065,0.470717079,0.38041341,0.440862476,0.667887114,1.632743599,-0.178486465,-0.196041685,4.50171109,3.339368059,0.052909862,0.095923772,2.529888788,13.73429927,0.543157155,-0.059292513,0.296044278,2.373961106,0.762733627,3.005042156,41.70603901,0.737104982,5.184959506,9.172553535,4.289427563,8.277021592,15.71028327,16.98023583,0.066251645,0.144699796,0.065793176,-0.069423001,-0.088365662,0.067554431,0.038720292,-0.295485525,0.114387027,0.171060599,0.890572509,1.020482519,1.375684678,0.47217222,0.592480273,0.98049354,0.92734703,0.873688175,0.831501357,0.796941672,0.432921475,0.543228557,1.090664815,5.62502148,0.520650353,-0.211746963,1.02767066,5.022048774,4.881576775,7.918470428,0.775746299,3.378256482,31.80941176,0.436490511,44.76923442,7.734412882,4.354532648,2.310967198,58.13730803,0.10170546,3,B,18.10513346,40.41613651,neg,0,0,0,TN,0,0,2016
1840,0.644525887,0.403838044,4.626288741,1.150880922,0.531169308,0.409346177,0.354722314,0.351423726,0.027292934,0.443402893,0.351423726,0.420328248,0.636926305,1.577927893,-0.169711568,-0.184758262,4.579881746,3.030974347,0.052099639,0.098084807,2.371339161,13.04179506,0.501259256,-0.04898698,0.332214933,2.540430848,0.760494931,3.14349431,38.76409115,0.722417081,5.215911881,10.53384912,4.310403936,9.628341179,15.95783294,17.64287267,0.093714654,0.146557585,0.069970765,-0.066708408,-0.085004732,0.082192689,0.096394817,-0.319575742,0.125811726,0.158754299,0.902635559,0.911415203,1.37717228,0.495856301,0.605691619,0.976435018,0.920129677,0.878640681,0.847237885,0.818661321,0.397935826,0.486081137,1.246071021,5.698563153,0.469686062,-0.274573394,1.025869319,4.50852355,4.650923449,7.935591036,0.77617597,3.327221059,31.44423077,0.391742325,46.69004726,7.70018904,5.09106585,1.855450549,56.63477763,0.099465004,3,B,18.10504681,40.41610909,neg,0,0,0,TN,0,0,2016
1841,0.597217933,0.355433104,3.965464368,0.991347375,0.477208075,0.347193989,0.290867532,0.288365431,0.02514522,0.363584415,0.288365431,0.362732349,0.58939106,1.480079548,-0.132299001,-0.142488251,4.059591424,2.624329021,0.048335803,0.101288737,2.110555928,10.59672853,0.490676036,-0.039313458,0.341673141,2.548381949,0.759660317,3.31753307,37.30632455,0.689531801,5.035660324,10.69034444,4.196443854,9.85112797,16.64860489,18.19755003,0.113352684,0.163547165,0.075867814,-0.061350918,-0.078133531,0.095246781,0.116721018,-0.324207435,0.157429175,0.137802954,0.895438798,0.876497002,1.355858845,0.539397575,0.609740466,1.01270056,0.977743434,0.940530515,0.91266149,0.884634701,0.420020067,0.474794925,1.284218583,5.017077269,0.460214517,-0.28791795,1.024022859,3.870814556,4.015854873,7.037953428,0.751180444,3.115909101,31.41,0.387547789,38.75448631,7.54423959,4.707304568,3.730353572,64.00601895,0.09018841,3,B,18.10497964,40.41608685,neg,0,0,0,TN,0,0,2016
1842,0.630749776,0.355364554,4.416381278,1.101518803,0.486461728,0.340035768,0.279355662,0.288924198,0.036265368,0.349194578,0.288924198,0.369132942,0.618538765,1.436040567,-0.118182814,-0.12715024,4.538020323,2.675582622,0.059403705,0.12211383,2.051954492,10.648787,0.558566406,-0.001134377,0.283230533,2.332597311,0.778649672,3.354444364,41.58594529,0.701457191,5.963507591,13.72662903,4.844640333,12.60776177,20.07130923,22.04448267,0.09906828,0.158251933,0.060796333,-0.064137457,-0.08254993,0.078195043,0.09774198,-0.327814411,0.111815251,0.110368857,0.976422845,0.90209892,1.530038056,0.641804257,0.655731072,0.998344293,0.996261396,0.995836587,0.989537797,0.978761391,0.48133895,0.491783753,1.333372785,5.647211797,0.486428059,-0.320474325,1.034059354,4.242996703,4.444913687,7.387456531,0.76154869,2.834416556,32.286,0.494890207,38.50100691,7.532024754,4.929943002,3.844632963,63.3862828,0.077830887,3,B,18.10489787,40.41606462,neg,0,0,0,TN,0,0,2016
1843,0.731130896,0.403347048,6.438563867,1.537432534,0.555877351,0.392225232,0.331384862,0.368720757,0.046930322,0.414231078,0.368720757,0.442670235,0.724078767,1.562591916,-0.1422496,-0.155767099,5.048209156,3.345613644,0.068389236,0.123029363,2.390213073,12.34706944,0.722943111,0.01365522,0.160804432,1.965729869,0.798698527,3.009738449,50.7837069,0.764256643,7.564732138,14.59981484,6.004753931,13.03983663,23.0337719,24.85165443,0.042986573,0.138943096,0.033399162,-0.078810492,-0.101021874,0.023433617,-0.036211938,-0.291208272,0.046834792,0.085863871,0.995612058,1.171727278,1.768023748,0.70154877,0.625283372,1.074282333,1.084081389,1.103476929,1.121463568,1.121969335,0.65665656,0.585271397,1.068364824,6.416877446,0.585535347,-0.241638048,1.056256503,6.248445429,5.923612116,8.874968207,0.797467702,2.688882207,32.89666667,0.569719472,40.61913681,7.371704729,4.554148357,3.925337874,61.42435918,0.071441929,3,B,18.10484237,40.41604016,neg,0,0,0,TN,0,0,2016
1845,0.6837598,0.407769591,5.324306659,1.307445917,0.547052819,0.408639094,0.34486959,0.358559146,0.034296989,0.431086987,0.358559146,0.426421943,0.675407508,1.578155607,-0.15507426,-0.169565643,5.219867779,3.231643995,0.057710197,0.105492915,2.39226213,13.03654739,0.472325613,-0.013834662,0.358395169,2.780581737,0.726471866,3.283622727,46.1057132,0.758491785,8.023038981,15.23250466,6.565082024,13.77454771,21.30964993,23.45830622,0.087318405,0.11430991,0.075678446,-0.083757649,-0.107112498,0.087217245,0.09118487,-0.312448383,0.122300524,0.183500463,0.90043351,0.939491944,1.517501227,0.532831406,0.544579703,1.037487164,1.044117063,1.027449073,1.005043707,0.978426854,0.426061435,0.435455581,1.250597595,6.974980667,0.42392329,-0.303254062,1.033542203,5.161571977,5.230434461,9.805169712,0.814903416,2.209488398,31.75851852,0.430254205,45.42713901,7.654609564,5.180300264,1.983079342,57.3342656,0.050396541,3,B,18.10772108,40.41703706,neg,0,0,0,TN,0,0,2016
1847,0.715338135,0.436618283,6.025879647,1.454766719,0.580487,0.447201996,0.384603739,0.40334227,0.035311514,0.480754673,0.40334227,0.465051512,0.706521159,1.64549071,-0.17043102,-0.18836346,5.486830128,3.602906803,0.059805511,0.103026443,2.599381053,14.475525,0.495650682,-0.025416219,0.337210636,2.677660567,0.728759859,3.131198048,48.58990545,0.777080723,8.126264082,14.53588135,6.608450471,13.01806774,20.83124882,22.8785628,0.071355307,0.108383897,0.068660674,-0.089198925,-0.113824694,0.069251664,0.051753546,-0.300048332,0.102213538,0.195577142,0.902318365,1.010250883,1.538500796,0.510375711,0.542769016,1.040367645,1.030259591,1.003824886,0.97375258,0.940318434,0.439941789,0.467864685,1.160098278,7.349683357,0.451800383,-0.267834035,1.028673042,5.814801354,5.886887655,10.34890939,0.823771613,2.532751947,30.96857143,0.333456454,45.09991021,7.969222807,5.26499,2.014344711,53.16714342,0.06458781,3,B,18.10751859,40.41697035,neg,0,0,0,TN,0,0,2016
1848,0.716543614,0.430829416,6.05575918,1.460845217,0.576182236,0.438164407,0.368483769,0.389796001,0.029141345,0.460604711,0.389796001,0.455618505,0.707985761,1.676960453,-0.187653375,-0.207679633,5.827485505,3.68667115,0.05036621,0.087413681,2.676725508,13.70798108,0.470779692,-0.008292676,0.359822964,2.714634724,0.717440898,3.601458675,58.11766348,0.783070939,9.129600895,16.73081513,7.514700962,15.11591519,23.44114664,25.78479952,0.079102779,0.103586383,0.078417206,-0.087231542,-0.111246949,0.089838702,0.091374816,-0.310355112,0.122074813,0.231532073,0.901596833,0.943263755,1.491007913,0.541638341,0.542306493,1.050401125,1.056937468,1.048181394,1.028591734,0.998767943,0.440272036,0.440815145,1.23023562,7.836505595,0.428033807,-0.289782073,1.025914811,5.848981088,6.054255184,11.26997479,0.83700048,2.646085849,31.76722222,0.431320731,46.874496,7.833558794,5.49121193,2.09146142,55.84302478,0.069563169,3,B,18.10741831,40.41693626,neg,1,0,1,FP,0,0,2016
1849,0.697721068,0.407584745,5.616405539,1.369895681,0.55100805,0.405759437,0.342498997,0.362892776,0.03789115,0.428123746,0.362892776,0.427270718,0.688060199,1.54963316,-0.140010358,-0.153096063,5.202573125,3.274456305,0.061314937,0.111277752,2.356695173,12.92375116,0.473778223,0.000771641,0.357056285,2.774972258,0.699697858,3.170891198,48.14532793,0.768429841,9.76205757,16.98005445,7.992113202,15.21011008,23.65486954,25.72407489,0.083919795,0.107175723,0.080869853,-0.097198647,-0.124100428,0.081518521,0.071003257,-0.298516369,0.125441527,0.19985802,0.896764302,0.995516375,1.581711972,0.534952016,0.514087224,1.070917483,1.079244207,1.083045798,1.071450542,1.040586094,0.447998145,0.430524824,1.194094266,7.312865694,0.418123028,-0.297276235,1.032401593,5.411493472,5.453396187,10.40847179,0.824691682,2.366592851,31.78714286,0.433761746,42.46590483,7.644847094,4.81599792,2.290768686,58.80868799,0.057293426,3,B,18.10731025,40.41690439,neg,0,0,0,TN,0,0,2016
1850,0.727834698,0.429214588,6.348475305,1.519618087,0.578246599,0.433731818,0.364697558,0.392659641,0.033417938,0.455871948,0.392659641,0.450869041,0.720773575,1.652547023,-0.174942649,-0.19328623,5.797400025,3.718100581,0.055133646,0.095346252,2.628468554,13.6751279,0.483719941,-0.018044351,0.347963281,2.756258481,0.702397,3.415715587,57.62190867,0.790830516,10.34584218,17.9027506,8.422705358,15.97961378,25.12975598,27.3842558,0.071870336,0.099271308,0.077802412,-0.098349333,-0.125663808,0.076436797,0.06243778,-0.297128415,0.115918577,0.23155643,0.899903062,1.002890257,1.563743604,0.508223404,0.519287066,1.05496424,1.03819151,1.022849788,1.005217127,0.978694516,0.433882493,0.443327807,1.171338811,8.049581349,0.431630621,-0.279709039,1.034632119,6.162645878,6.176643625,11.61948124,0.84151488,2.486004468,31.68407407,0.421132006,45.65454508,7.732408038,5.124580268,2.210473208,57.06031146,0.062535596,3,B,18.10721193,40.41687252,neg,0,0,0,TN,0,0,2016
1851,0.737652612,0.445391641,6.623479751,1.573612199,0.594685264,0.457268371,0.38646851,0.414054977,0.031325484,0.483085637,0.414054977,0.472242375,0.729741736,1.69761979,-0.197479542,-0.219257733,6.050579941,3.898314923,0.052792957,0.088774618,2.768373052,14.2890452,0.472533835,-0.018247733,0.358203087,2.774740768,0.70457494,3.505921261,60.52809666,0.798183316,10.29833938,17.81564825,8.431488305,15.94879718,24.78624565,27.15002971,0.071597034,0.096673603,0.078402505,-0.096217959,-0.122763127,0.077245016,0.071002769,-0.300754702,0.11461951,0.250941071,0.903922254,0.989485068,1.535781132,0.507239602,0.520139252,1.057630061,1.041331349,1.026373798,1.00116877,0.975199623,0.429179957,0.440094466,1.181880919,8.352072781,0.42867893,-0.279970089,1.029093818,6.400328753,6.505042889,12.29101237,0.849522373,2.790828854,31.09034483,0.348378202,46.74341239,7.921456312,5.4302104,2.131241776,54.28243909,0.075917387,3,B,18.10711652,40.41683842,neg,0,0,0,TN,0,0,2016
1853,0.686923097,0.412315186,5.388206804,1.321251129,0.551784922,0.4149656,0.349979988,0.363425191,0.031927738,0.437474985,0.363425191,0.434245924,0.678328097,1.588428837,-0.158092131,-0.173272008,5.334660292,3.314620495,0.054767148,0.09925452,2.448565048,13.19076428,0.473697192,-0.007235496,0.357130903,2.721186082,0.709991928,3.36989435,48.09907312,0.761412726,8.614932861,15.85576426,7.072309182,14.31314058,22.01861887,24.18396698,0.090314038,0.11394895,0.080920339,-0.089909726,-0.11463287,0.089572904,0.099416907,-0.312257119,0.131508596,0.207451589,0.904369994,0.927259447,1.492362144,0.55446094,0.545193732,1.044956824,1.061930068,1.050971392,1.035743635,1.016998009,0.440358343,0.432998235,1.259113057,7.204564787,0.425161525,-0.301976985,1.030299282,5.217515367,5.40120565,10.10971078,0.819977312,2.88529072,31.202,0.362060092,46.20646159,7.781119596,5.341360435,1.933269346,56.40686852,0.080064263,3,B,18.10690819,40.41677616,neg,0,0,0,TN,0,0,2016
1854,0.708050545,0.435834792,5.850500874,1.418780865,0.577478607,0.447099288,0.382734263,0.397640824,0.029548797,0.478417829,0.397640824,0.462499874,0.700305716,1.669253235,-0.190099094,-0.209850782,5.516654307,3.607042675,0.052624904,0.09112875,2.655061737,14.13693262,0.480953977,-0.028319692,0.35048086,2.694174097,0.729750853,3.375073486,52.29296766,0.775097524,7.993570015,14.52317071,6.513362802,13.0429635,20.86982978,22.94226241,0.078262549,0.111189792,0.070151726,-0.087038111,-0.111243381,0.072348822,0.077217988,-0.31073453,0.109799981,0.203250716,0.893624856,0.958494694,1.465933275,0.516355402,0.548187496,1.045432191,1.025461374,0.997907817,0.971698402,0.941932106,0.427252507,0.453591617,1.208548561,7.289827285,0.439696624,-0.272501226,1.028749917,5.673467287,5.807534269,10.54204794,0.826720526,3.371212152,31.648,0.416711597,46.88147066,7.866259807,5.389166543,1.974128733,54.15889482,0.101396213,3,B,18.10680207,40.41674281,pos,1,1,1,TP,0,0,2016
1857,0.684773395,0.430186561,5.34464214,1.311848209,0.565197473,0.441969427,0.388608744,0.393457934,0.034170366,0.48576093,0.393457934,0.450972051,0.67659188,1.604734345,-0.172166829,-0.188535676,4.920076436,3.330446058,0.061482597,0.108780736,2.479388154,14.51181809,0.48812645,-0.054058239,0.343971811,2.715077887,0.741127156,2.912201712,40.95531534,0.754055737,6.579866037,11.80370938,5.36405787,10.58790121,17.48288909,19.18406832,0.079007523,0.122939655,0.065326318,-0.084172413,-0.107206392,0.060536762,0.056585132,-0.305311147,0.103380952,0.168523627,0.896146466,0.994309002,1.468895219,0.447360392,0.551020794,0.992702535,0.928682132,0.883902513,0.847209636,0.811875698,0.38460161,0.47371982,1.163178679,6.435484124,0.453962742,-0.258417546,1.028385553,5.184136635,5.260229919,9.191906486,0.80376586,3.446105136,30.85666667,0.319743979,44.85343366,7.823475307,5.080879288,1.794800815,52.22539243,0.104684015,3,B,18.10648276,40.41664275,neg,0,0,0,TN,0,0,2016
1858,0.680769444,0.430598126,5.265064433,1.294572821,0.564097345,0.443101793,0.394016891,0.396467115,0.03416727,0.492521114,0.396467115,0.453043652,0.673405754,1.598719974,-0.170124383,-0.185915695,4.68352532,3.277479195,0.062827585,0.111377204,2.454407163,14.48749846,0.514502762,-0.059857856,0.320565436,2.580150291,0.753747001,2.807656721,38.86718511,0.747030687,5.959538267,10.57648876,4.8747828,9.491733289,16.27731282,17.79675322,0.074067942,0.132920305,0.061975982,-0.079127969,-0.101060791,0.059440597,0.044779317,-0.302209825,0.098915761,0.157953968,0.902080617,1.01824634,1.455076366,0.443779318,0.565973558,0.973035863,0.904071662,0.854714839,0.818007477,0.78409903,0.393429532,0.501760004,1.127976631,6.038309065,0.480960802,-0.245041949,1.028738398,5.123806595,5.12166639,8.580816446,0.791249523,3.730359716,30.27604167,0.24859593,45.27193826,7.788152797,4.819202251,1.84796737,53.0369916,0.117162792,3,B,18.10641169,40.41660124,pos,2,1,1,TP,2,1,2016
1859,0.710329453,0.428008717,5.904395435,1.429896178,0.571935299,0.434865891,0.369788643,0.389107184,0.029634867,0.462235804,0.389107184,0.450304309,0.701776666,1.645167482,-0.179984622,-0.198563375,5.465771619,3.620364545,0.052465695,0.091733619,2.618149781,13.71669137,0.466166808,-0.020686988,0.364101266,2.758238774,0.704415368,3.388490772,54.23494882,0.779359613,9.179574262,15.72653163,7.62988223,14.1768396,22.63701309,24.64033883,0.078810891,0.105117571,0.080817103,-0.093922152,-0.119032386,0.077638827,0.075462366,-0.30102296,0.127529373,0.23450807,0.879660985,0.980711485,1.480609186,0.50209567,0.517005281,1.056525138,1.039670443,1.020873423,1.002876912,0.97116159,0.425131959,0.43775615,1.181034877,7.496158092,0.4239124,-0.270458449,1.025782077,5.706383348,5.833578506,10.93196532,0.832383019,3.292054705,30.6225,0.291049897,46.52320538,7.809590232,5.110311214,2.052834981,56.34952489,0.097921202,3,B,18.10632992,40.41659457,neg,1,0,1,FP,0,0,2016
1860,0.724711883,0.443096696,6.265115636,1.503021302,0.588697485,0.455678087,0.396055556,0.417645771,0.033673248,0.495069445,0.417645771,0.471778553,0.719407849,1.65301618,-0.179882843,-0.198823224,5.272292787,3.725836355,0.059317471,0.100760531,2.653659366,14.54637889,0.520000548,-0.056432144,0.315789,2.625174673,0.719459234,3.032487206,50.57583139,0.781744283,8.388459562,13.69624833,6.857411257,12.16520003,20.78268185,22.4550267,0.062174628,0.112913349,0.07029823,-0.093935566,-0.119729553,0.056259395,0.025277077,-0.286212114,0.104392506,0.212810569,0.905203329,1.073991419,1.519765408,0.471684777,0.537499588,1.051830308,1.007669769,0.952846988,0.910077519,0.877553745,0.440030058,0.501428044,1.071937629,7.153592908,0.483508326,-0.233553338,1.033960975,6.127783132,5.964923846,10.28144546,0.822717753,3.542482999,30.09885057,0.226883464,45.2563432,7.76725675,4.729550091,2.168508869,55.02410745,0.108915004,3,B,18.10624327,40.41655751,pos,2,1,1,TP,2,1,2016
1778,0.702471576,0.428876778,5.722046835,1.392080023,0.570135266,0.437443676,0.373781106,0.388612615,0.036277867,0.467226382,0.388612615,0.451239967,0.694098019,1.591981685,-0.15394771,-0.169090037,5.481219561,3.423936638,0.060260721,0.10569548,2.462079747,14.13624738,0.456848843,-0.021713524,0.372826021,2.907347385,0.702733078,3.13022648,46.84601748,0.774431332,9.076729031,16.11133888,7.407412559,14.44202241,21.88828046,24.11429148,0.084283446,0.103121327,0.079899637,-0.096022,-0.122511676,0.08361911,0.08370734,-0.305684653,0.120945581,0.210660527,0.894884414,0.962212046,1.540360131,0.49810511,0.517924486,1.047974605,1.036874834,1.015369451,0.990718119,0.961733077,0.407403914,0.423614332,1.222632115,7.607989851,0.411220817,-0.30017971,1.032578012,5.538041991,5.697833133,10.81728759,0.830756425,2.55684077,31.61882353,0.4131364,43.97974648,7.851511313,5.564030635,1.778061205,52.12701118,0.06564531,3,B,18.10744556,40.41675537,pos,0,1,0,FN,1,1,2016
1806,0.661295268,0.379417513,4.904848118,1.21468917,0.516204253,0.369920514,0.307756454,0.321389007,0.038214367,0.384695568,0.321389007,0.399873412,0.649884491,1.487613822,-0.126030989,-0.136697223,4.877659435,2.913266543,0.061402167,0.118949364,2.189870022,11.75120725,0.565009924,-0.004181742,0.277947168,2.338829635,0.780834568,3.275778993,43.22329217,0.725280101,6.390221596,14.12266071,5.136906132,12.86934524,20.40657504,22.49417046,0.08786024,0.14434915,0.053616441,-0.069913831,-0.089624683,0.0657758,0.078382033,-0.325415486,0.09034085,0.112495071,0.964985158,0.934254474,1.564214975,0.632153418,0.635026071,1.012425904,1.007384453,1.004264769,1.000069968,0.995476322,0.490515028,0.492744043,1.288754435,6.097943563,0.49048071,-0.307837198,1.034424517,4.712400469,4.919477341,8.1701203,0.781900353,3.026659134,31.25166667,0.368146097,38.69046393,7.440769624,5.027382939,3.191494236,61.55375302,0.086270336,3,B,18.10502091,40.41600163,neg,1,0,1,FP,0,0,2016
1807,0.759811889,0.424493709,7.326806816,1.706807495,0.582688221,0.420021765,0.35172772,0.397971722,0.050458849,0.439659651,0.397971722,0.463817885,0.75064255,1.579207719,-0.144269277,-0.159388175,5.76280879,3.638589985,0.068081521,0.116840393,2.510500371,13.23948362,0.688208072,0.015716505,0.184688092,2.123467516,0.789508363,3.03428618,59.21740052,0.790913742,8.971927374,17.34242441,7.111714742,15.48221178,25.53100902,27.79769212,0.04137034,0.117520107,0.033431523,-0.084526268,-0.108948094,0.017581928,-0.033287115,-0.292232605,0.042327428,0.096339368,0.982480497,1.174794579,1.860642873,0.669928018,0.603906173,1.05602807,1.077517719,1.095798506,1.109621803,1.109324672,0.612359771,0.552011315,1.094010498,7.499815115,0.551863499,-0.266602487,1.054152159,7.020614576,6.826885004,10.32672778,0.823426497,3.127948484,31.94307692,0.45286944,40.70048696,7.416223579,4.808458201,3.265308512,59.59772024,0.090716938,3,B,18.10495511,40.41597886,neg,0,0,0,TN,0,0,2016
1832,0.601583946,0.359161098,4.019878038,1.004963351,0.481637937,0.351786928,0.295191507,0.292870245,0.024033914,0.368989384,0.292870245,0.364247197,0.595646562,1.498732464,-0.137474509,-0.148130595,4.13919509,2.699648359,0.046719623,0.097001544,2.146503137,10.8628966,0.464959395,-0.042652727,0.365225553,2.704199429,0.739813975,3.324153348,38.11383966,0.698917186,5.612731201,11.1954063,4.70734607,10.29002116,17.24941517,18.78503522,0.113364919,0.151893049,0.083006053,-0.067378531,-0.085720256,0.099518154,0.121893773,-0.320666337,0.171805552,0.156601817,0.879778992,0.877353431,1.345188903,0.51312177,0.581066107,1.027275879,0.991088202,0.950479328,0.917947898,0.883069523,0.399752282,0.452684949,1.283599352,5.254259704,0.435484718,-0.288596705,1.029147513,3.946167909,4.068440917,7.363996279,0.760879855,3.001271194,31.70777778,0.424036587,38.43578278,7.475449861,4.55313832,3.549051786,63.81823476,0.085155805,3,B,18.10585289,40.41634034,neg,0,0,0,TN,1,1,2016
1833,0.668481545,0.416930999,5.032846643,1.243400687,0.549445533,0.424827193,0.378812509,0.381339363,0.030849956,0.473515637,0.381339363,0.443287401,0.663323103,1.595683292,-0.16808306,-0.183893896,4.363891442,3.223142061,0.059625836,0.108520012,2.444887118,13.8570917,0.545108462,-0.050111597,0.294407512,2.385968867,0.761924943,2.820848881,39.43269101,0.733377696,5.354297126,9.240075841,4.406550518,8.292329232,15.53254441,16.75766361,0.067763383,0.145949083,0.06187918,-0.07386052,-0.094187807,0.058838429,0.030311856,-0.295246263,0.105069067,0.152877266,0.888524558,1.043304292,1.412555384,0.485314409,0.578776632,1.006022434,0.956430513,0.911802675,0.871545477,0.838517628,0.446139739,0.532057675,1.087808069,5.540489591,0.511894963,-0.217594128,1.031949287,4.940413542,4.81025302,7.787824361,0.772412384,3.668705445,31.45909091,0.393563242,44.50064235,7.637037421,4.187500447,2.191310231,57.78407707,0.114456169,3,B,18.1057789,40.41632033,neg,0,0,0,TN,0,0,2016
1844,0.682769004,0.417601905,5.30455418,1.303161779,0.554745532,0.423616089,0.365176868,0.37461899,0.036633702,0.456471084,0.37461899,0.445142311,0.672696149,1.573420586,-0.149955901,-0.163974667,5.035410294,3.227090208,0.062484462,0.11263626,2.382612321,13.79122586,0.499073935,-0.01254926,0.33415701,2.588666168,0.744726316,3.008746331,41.56566002,0.751331958,6.851027321,13.07991037,5.546427466,11.77531051,18.75812274,20.7109213,0.082427178,0.121652642,0.06669979,-0.080396386,-0.102965647,0.073851051,0.067923551,-0.309018027,0.105349126,0.162147609,0.905562578,0.971644285,1.516111208,0.546481129,0.56508382,1.04469884,1.034836246,1.025025413,1.002188197,0.967079766,0.454270736,0.469734506,1.202985544,6.578478045,0.453278873,-0.283504823,1.026340089,5.110529995,5.207433706,9.200365105,0.803928587,2.406532587,31.31222222,0.375566393,44.63155443,7.619139638,5.442618257,1.851146314,54.44352025,0.059046781,3,B,18.10782232,40.417063,pos,1,1,1,TP,0,0,2016
1846,0.673542988,0.415366441,5.126380882,1.26415125,0.549941378,0.4217513,0.366252722,0.372026166,0.039891024,0.457815902,0.372026166,0.434845481,0.663145955,1.542661799,-0.141671671,-0.154366554,4.911052942,3.120826697,0.06710572,0.122023406,2.3031556,14.00805475,0.476758551,-0.036080512,0.354317535,2.810545948,0.727262114,2.842229937,37.20273337,0.747417373,7.22684852,13.26149804,5.896725485,11.93137501,18.50872875,20.43079421,0.087535723,0.119400156,0.070179902,-0.088704937,-0.113308418,0.077792331,0.0719012,-0.308244619,0.110337544,0.16060318,0.896447324,0.973090138,1.531292074,0.481249212,0.54232301,1.007565696,0.981841467,0.946024401,0.915554583,0.88738483,0.397584114,0.448040242,1.210433705,6.6378691,0.434254955,-0.293349535,1.028793412,4.937289554,5.024879184,9.182736413,0.803589142,2.413443112,32.08793103,0.470619429,42.98127793,7.715586085,5.400730846,1.661393588,52.12041203,0.059350153,3,B,18.10761496,40.41700296,neg,1,0,1,FP,0,0,2016
1855,0.75145887,0.46353491,7.04695786,1.65461068,0.613651936,0.483376183,0.41429064,0.443257571,0.030543233,0.517863301,0.443257571,0.497889247,0.744657226,1.750606833,-0.222703454,-0.24813379,6.086163848,4.13740179,0.052992424,0.086355832,2.926635492,15.0926156,0.49085397,-0.028575906,0.341513012,2.692303099,0.707826083,3.409215586,61.77752408,0.806767537,9.954498346,16.49971969,8.141804224,14.68702556,23.72124717,25.85841798,0.063253912,0.097359638,0.074813775,-0.097513745,-0.124193931,0.065501765,0.047006089,-0.292643003,0.106051076,0.263290959,0.900921318,1.034589581,1.52189273,0.493900041,0.521396087,1.054649416,1.037705681,1.009345199,0.980156724,0.947264571,0.440429011,0.464948257,1.121406693,8.325980521,0.449345498,-0.251373953,1.029169582,6.832608577,6.826952696,12.36778537,0.850386586,3.54592865,30.70859155,0.301599298,44.60578029,8.209200162,5.4303525,2.391210031,52.83082239,0.109066268,3,B,18.10668622,40.41670649,pos,2,1,1,TP,0,0,2016
1856,0.74719329,0.455990281,6.911182431,1.628912785,0.606280037,0.472290105,0.403461997,0.432844367,0.030924624,0.504327496,0.432844367,0.488142386,0.74103556,1.729698596,-0.210567777,-0.234412579,5.9677504,4.051332569,0.053395652,0.088070939,2.868219682,14.73159757,0.497668013,-0.029730565,0.335409438,2.680511042,0.704424662,3.401086319,61.86743496,0.803341243,10.04178933,16.61767418,8.272094433,14.84797928,23.98319254,26.08208825,0.06312568,0.099328801,0.078124132,-0.096601108,-0.122995661,0.068654632,0.048730591,-0.290319671,0.112123167,0.266665395,0.906194238,1.037340913,1.528038378,0.498628153,0.523533622,1.052951847,1.043232929,1.011052545,0.982071676,0.952428138,0.445583133,0.46783911,1.119046292,8.213067863,0.453717528,-0.254984085,1.032218552,6.72306808,6.683225218,12.06594757,0.846930352,3.444243062,30.71686567,0.302613184,46.22624048,8.041072518,5.219141217,2.282582549,53.93019129,0.10460227,3,B,18.10656259,40.4166635,pos,2,1,1,TP,1,1,2016
163,0.277969443,0.150021366,1.769965869,0.330400642,0.20812303,0.130397676,0.073463412,0.066836365,0.009392942,0.091829265,0.066836365,0.129858435,0.276405233,1.162891875,-0.03748478,-0.038340558,2.259520366,1.433484256,0.019916997,0.09569819,1.28999651,3.092810813,0.303375026,-0.035501325,0.534477767,3.740840846,0.669016443,3.377060907,19.2508382,0.515079494,5.356654272,10.07321986,4.454392989,9.170958576,15.92229857,16.77627285,0.311993634,0.203902963,0.125599704,-0.074568163,-0.095229411,0.189967743,0.21868009,-0.334186445,0.72059787,0.05784278,0.784821241,0.73708775,1.16182984,0.44434133,0.48343416,1.104612797,1.117378439,1.075930811,0.998995195,0.919135151,0.315340313,0.343083726,1.409085081,3.082616453,0.315657487,-0.33083033,1.020535045,1.763977976,1.727569372,4.317997206,0.623918569,1.060263036,35.2,0.851963043,32.43487389,6.235566432,3.174528041,1.108217036,68.80154459,0.005035942,20,A,18.14042747,40.46479799,pos,1,1,1,NA,NA,1,2017
192,0.532499787,0.31669213,3.278072915,0.810544922,0.425307568,0.304347984,0.255678335,0.245884358,0.031759686,0.319597919,0.245884358,0.304592001,0.530368999,1.396517629,-0.09181679,-0.097764864,3.593695635,2.292940584,0.05975273,0.140492986,1.827033868,10.32018314,0.344000032,-0.031165413,0.488095203,3.680975596,0.672637371,2.755661241,23.30852274,0.676575625,6.964106677,11.94171643,5.602963704,10.58057346,16.89343814,18.27707963,0.150080034,0.12391857,0.099522032,-0.098105311,-0.124709979,0.136916524,0.131639572,-0.310895766,0.227975183,0.138215172,0.794187215,0.879520365,1.378460706,0.405602446,0.451789541,1.084886636,1.072170443,1.030881568,0.982894579,0.897768562,0.32609069,0.363223556,1.243833261,5.104501782,0.331765682,-0.31165778,1.047432803,3.258662639,3.09266294,7.196064081,0.755980434,1.719717161,31.25233333,0.368227788,13.30921467,6.541620078,3.314753075,1.530302462,53.89259743,0.034975159,20,A,18.14032641,40.46470519,pos,1,1,1,NA,NA,1,2017
193,0.416261313,0.2293507,2.426190597,0.557623381,0.31620646,0.206591605,0.157191956,0.148820382,0.0190281,0.196489944,0.148820382,0.212750724,0.416881131,1.260455566,-0.059768767,-0.06227686,2.708779769,1.767031285,0.0393672,0.124498407,1.512684991,5.867718748,0.389813597,-0.024786451,0.4390419,3.064115637,0.703589526,3.19291261,23.79123488,0.585053311,5.140459319,9.921192506,4.29003402,9.070767206,16.01473345,17.01485986,0.197841295,0.194370762,0.103004389,-0.072282778,-0.091001576,0.150393923,0.157329156,-0.320562703,0.356957076,0.087009074,0.828436298,0.820748705,1.258170982,0.479779893,0.535006206,1.034182356,1.045651524,1.011688172,0.965426549,0.896774445,0.372467315,0.415341135,1.288112738,3.563892775,0.385805959,-0.300170535,1.037386767,2.429832417,2.322129636,4.938738781,0.663228158,1.305636071,31.81509091,0.437186417,49.85432105,6.188036122,2.885570272,1.184942737,66.51822512,0.016175878,20,A,18.14026717,40.46478871,pos,1,1,1,NA,NA,1,2017
853,0.693426211,0.387472604,5.523714905,1.350258476,0.531840767,0.375473764,0.319916674,0.344854396,0.036951106,0.399895843,0.344854396,0.385807711,0.695057651,1.617683257,-0.153723419,-0.16959488,4.875205356,3.416428274,0.062125259,0.116811766,2.426840363,12.86333128,0.331059513,0.004484057,0.502562418,4.103775635,0.632506884,2.984076475,39.94330607,0.790663774,12.54393987,18.18124777,9.997976394,15.63528429,26.12106514,27.69577511,0.074341498,0.071494534,0.102658357,-0.125348048,-0.158442444,0.113082039,0.02960831,-0.258101455,0.16741523,0.268923948,0.72690233,1.109015817,1.582553303,0.373189787,0.358464609,1.182720407,1.281452085,1.258047084,1.197378631,1.041078471,0.368080643,0.35355706,1.013880502,7.510137678,0.307405388,-0.242593244,1.078831894,5.558616756,4.742954328,11.53247958,0.840414661,1.773182839,32.30464286,0.497174647,28.00315623,6.841999283,2.98932582,1.575709803,50.18520859,0.037402501,6,A,18.15360061,40.45524455,pos,1,1,1,NA,NA,1,2017
873,0.674791459,0.392272425,5.149899976,1.269339105,0.53123799,0.386761964,0.326868466,0.3421044,0.033570614,0.408585582,0.3421044,0.391847455,0.676247934,1.628949629,-0.157180055,-0.172694698,5.09400851,3.314067676,0.057818387,0.108837072,2.420333153,13.16444196,0.325268963,0.020247444,0.509127623,3.94229308,0.637772028,3.156989635,39.77273426,0.779555653,11.46265608,17.93515063,9.187768078,15.66026263,24.53358373,26.43885429,0.088160137,0.075477406,0.107352114,-0.116587219,-0.148817098,0.137310321,0.087703142,-0.282050958,0.181225236,0.265808162,0.744840769,0.982439585,1.510094572,0.389741701,0.391416824,1.090177617,1.170715529,1.183496607,1.134602223,0.995720361,0.343805004,0.345282689,1.133612648,7.662155886,0.303018095,-0.284625171,1.069923728,5.177566756,4.5998101,11.29560555,0.83734026,1.681433812,31.10607143,0.350305292,24.76225607,6.98238706,3.905618988,1.624720231,47.60425166,0.033237095,6,A,18.15361528,40.45537857,pos,1,1,1,NA,NA,1,2017
874,0.617914574,0.354318543,4.234431526,1.057773439,0.482155069,0.341258052,0.282979369,0.288414453,0.02538543,0.353724211,0.288414453,0.341921602,0.618929521,1.587844284,-0.144407405,-0.157413173,4.546191321,2.954281212,0.047740084,0.099013963,2.260584818,11.4433868,0.299129231,-0.021743973,0.539492725,4.222629784,0.635224773,3.397573178,34.37690848,0.744711434,10.25503577,16.43399337,8.293241592,14.47219919,23.03449646,24.73855381,0.115584595,0.087330479,0.119135618,-0.106775494,-0.136904419,0.160846534,0.131109254,-0.293306346,0.242190782,0.250908492,0.743558697,0.902182199,1.388321757,0.370264135,0.398210025,1.086031948,1.160023145,1.120403787,1.0365743,0.929821229,0.309831559,0.333216267,1.195049776,6.715018623,0.298899518,-0.29378103,1.053029349,4.248372968,3.870391602,9.834265056,0.815400492,1.750940883,31.4971875,0.398231485,21.05105889,6.962503687,3.473165738,1.50986921,52.17934485,0.036392716,6,A,18.15368754,40.45529867,pos,1,1,1,NA,NA,1,2017
1552,0.677212786,0.403655209,5.196032286,1.279480705,0.541639879,0.403595031,0.347275921,0.359693252,0.021557367,0.434094901,0.359693252,0.39525448,0.68372321,1.74543602,-0.196952845,-0.219461533,4.887537487,3.662215023,0.043995809,0.081227049,2.711589246,13.54805288,0.250939157,-0.124805144,0.598798782,5.534234254,0.640715073,3.34194769,42.20563248,0.790152798,10.54483769,14.87775372,8.473369573,12.80628561,22.54630602,23.87041265,0.083367261,0.067243403,0.103873052,-0.117786845,-0.148411039,0.136821844,0.071508781,-0.276988278,0.191083506,0.297441064,0.670101639,1.009073657,1.346694635,0.276929705,0.345874639,1.366915486,1.3236814,1.140920842,0.966000361,0.800664965,0.271155869,0.338663338,1.021293421,7.243583448,0.280699553,-0.213947563,1.059360505,5.323575,4.565085305,11.66025806,0.842025337,1.700270816,31.032,0.341228801,24.99674266,7.056863551,2.895462816,1.633092422,46.82297997,0.034092295,1,B,18.09707627,40.42667703,pos,1,1,1,NA,NA,1,2017
1604,0.60551765,0.345465999,4.069935321,1.01740807,0.470921519,0.330740701,0.279156744,0.283272532,0.019196675,0.34894593,0.283272532,0.334495964,0.614613709,1.601183545,-0.150126739,-0.164216161,4.102111359,3.010104543,0.04033601,0.08565336,2.321755672,11.09416544,0.305347805,-0.079957671,0.532158704,4.251663956,0.646806694,3.377906118,32.63640868,0.73478321,8.81639496,13.16529718,7.227371846,11.57627407,20.74685036,21.91979331,0.104306938,0.098200897,0.115432422,-0.101553357,-0.127659569,0.154290595,0.099748954,-0.28046318,0.257165649,0.249720336,0.736193141,0.953418714,1.2993003,0.377738311,0.409884174,1.282065953,1.333346785,1.214128824,1.050576982,0.921573299,0.350397245,0.38021636,1.078028767,5.884726543,0.333528386,-0.231526821,1.057476899,4.18959819,3.616212604,8.704107011,0.793901696,1.51687617,32.02864865,0.463355143,23.7485526,6.732741985,2.771499996,1.388421199,54.0732332,0.025766178,1,B,18.09659146,40.42677222,neg,1,0,1,NA,NA,1,2017
1605,0.565957186,0.327359961,3.607840365,0.89943159,0.444119471,0.312648673,0.273652265,0.270606665,0.032748628,0.342065331,0.270606665,0.315922755,0.570087498,1.428403702,-0.098861699,-0.105956606,3.486542009,2.511348791,0.063322344,0.142579527,1.931112954,10.99026226,0.339544623,-0.048537907,0.493044701,3.811407886,0.637990927,2.609494731,24.54166231,0.699774556,8.080928772,11.89985971,6.54050896,10.3594399,18.08573331,19.10629913,0.118359102,0.114744,0.116201383,-0.107569131,-0.136890936,0.145970876,0.077848414,-0.268949836,0.253472262,0.18711324,0.772010315,1.008712553,1.400410292,0.362662803,0.410116821,1.129363894,1.142031071,1.090611443,0.981899232,0.88429146,0.342186581,0.386961309,1.059839348,5.211776105,0.348494601,-0.25420279,1.061450262,3.652109419,3.123014938,7.482648301,0.764224576,1.553069687,32.616,0.535327419,15.20773631,6.453537568,2.465201668,1.479768768,55.10254795,0.027409364,1,B,18.09652406,40.42686331,pos,1,1,1,NA,NA,1,2017
2125,0.415699651,0.248959847,2.422897149,0.556565819,0.333459337,0.234132542,0.180640293,0.165183524,0.03002548,0.225800366,0.165183524,0.231455552,0.41966069,1.268755243,-0.058228144,-0.060863424,3.034082182,1.815632965,0.057309007,0.171862055,1.530427198,7.940063449,0.35929844,-0.033775724,0.471347234,3.498151707,0.649104707,2.622337966,16.24747914,0.595012141,5.239700817,10.08099642,4.433722631,9.275018232,14.12720358,15.39938993,0.197769913,0.164899395,0.139704235,-0.075313825,-0.095133064,0.204076393,0.191468927,-0.306189106,0.424197337,0.121481835,0.829419456,0.791613232,1.322855252,0.437435502,0.51485396,1.02247634,1.00875745,0.973059349,0.919509068,0.849630255,0.318779923,0.375198413,1.372217853,4.186516035,0.346684915,-0.367617649,1.052464258,2.446259744,2.236165138,5.346459159,0.684863646,1.27606874,36.4475,1.004827958,7.524998056,6.669009323,3.182830149,1.568836278,58.95928357,0.014833521,51,B,18.1039,40.41565,pos,1,1,1,NA,NA,1,2017
2125,0.415699651,0.248959847,2.422897149,0.556565819,0.333459337,0.234132542,0.180640293,0.165183524,0.03002548,0.225800366,0.165183524,0.231455552,0.41966069,1.268755243,-0.058228144,-0.060863424,3.034082182,1.815632965,0.057309007,0.171862055,1.530427198,7.940063449,0.35929844,-0.033775724,0.471347234,3.498151707,0.649104707,2.622337966,16.24747914,0.595012141,5.239700817,10.08099642,4.433722631,9.275018232,14.12720358,15.39938993,0.197769913,0.164899395,0.139704235,-0.075313825,-0.095133064,0.204076393,0.191468927,-0.306189106,0.424197337,0.121481835,0.829419456,0.791613232,1.322855252,0.437435502,0.51485396,1.02247634,1.00875745,0.973059349,0.919509068,0.849630255,0.318779923,0.375198413,1.372217853,4.186516035,0.346684915,-0.367617649,1.052464258,2.446259744,2.236165138,5.346459159,0.684863646,1.27606874,36.4475,1.004827958,7.524998056,6.669009323,3.182830149,1.568836278,58.95928357,0.014833521,51,B,18.10404,40.41571,pos,1,1,1,NA,NA,1,2017
2153,0.665226703,0.371589956,4.974192135,1.230289698,0.510095839,0.357110275,0.313222791,0.331724715,0.045846285,0.391528489,0.331724715,0.389521687,0.661509227,1.511374621,-0.113568557,-0.1239888,4.161812956,3.003251046,0.075461849,0.14793661,2.181331327,12.56880335,0.562749013,-0.010368572,0.279796041,2.447925812,0.730468225,2.570104598,31.27858582,0.728610285,7.224763309,11.75771918,5.763533097,10.29648897,19.11467822,20.33772981,0.053328012,0.132543718,0.06885035,-0.087848284,-0.113312105,0.071847286,-0.021295062,-0.264393735,0.113711782,0.145622549,0.874573467,1.175833413,1.62943379,0.52318884,0.534097086,1.071175588,1.08856125,1.078755179,1.034086626,0.979576286,0.520112101,0.530956199,1.00591553,5.667910182,0.502967632,-0.221138532,1.072507603,4.908580565,4.26788831,7.351611999,0.760525273,1.300288311,32.5055,0.52178708,31.35056201,6.573977882,3.140965298,1.581059518,53.52606486,0.015933089,3,B,18.10519382,40.41623064,pos,0,1,0,NA,NA,0,2017
2156,0.525365457,0.296576757,3.213768315,0.792698612,0.405721313,0.276918045,0.237607257,0.232977514,0.038367421,0.297009072,0.232977514,0.290236374,0.529915614,1.335060966,-0.071430119,-0.075642338,3.213461986,2.156830453,0.069982488,0.172489059,1.712507865,9.524515605,0.448738964,-0.028275143,0.380510948,2.963757627,0.688074167,2.584769439,21.98299186,0.650322943,5.865069912,10.3450373,4.826874456,9.306841848,16.08287805,17.2030863,0.115464685,0.15908863,0.110977676,-0.07534956,-0.098225906,0.147552775,0.086099307,-0.277483832,0.25878932,0.137219737,0.83785293,0.970498805,1.445946301,0.462687202,0.512481857,1.043122156,1.040480962,1.01336476,0.958801913,0.902836258,0.396720143,0.439415385,1.166281095,4.399281407,0.413766532,-0.285949792,1.069644096,3.254555264,2.812963349,5.866482422,0.708730049,1.39955088,33.67272727,0.664815615,17.10435637,6.483508852,2.882878837,1.702474801,60.96990505,0.02043961,3,B,18.10493681,40.41615282,neg,0,0,0,NA,NA,0,2017
2216,0.680610077,0.384177628,5.261938319,1.293891523,0.525577384,0.37313351,0.321871988,0.342605934,0.049325707,0.402339985,0.342605934,0.403117777,0.679722015,1.509202026,-0.111403242,-0.121566133,4.534478076,3.011771736,0.075777954,0.144180394,2.177713673,12.71144923,0.539147854,0.003385873,0.299420322,2.62422324,0.71336816,2.655890016,34.23173359,0.748898662,8.218594697,14.10607121,6.557575577,12.44505209,20.89621448,22.5264663,0.061734822,0.118526084,0.076684039,-0.091784878,-0.117278145,0.086868236,0.005492417,-0.269870066,0.118267823,0.164398202,0.891902952,1.120988239,1.687742976,0.533387335,0.522570759,1.076361501,1.105969428,1.10535161,1.08000959,1.020698778,0.503113342,0.492910693,1.060173305,6.267099533,0.465841551,-0.262464869,1.08753817,5.244575309,4.569397101,8.411224136,0.787487794,1.406653497,32.40470588,0.50943607,30.36907943,6.73314813,3.748267546,1.61167682,51.06168147,0.020762069,3,B,18.10523568,40.41637703,pos,0,1,0,NA,NA,0,2017
2249,0.593436637,0.327097484,3.919282411,0.979717761,0.450915905,0.306099241,0.258902765,0.264875712,0.035102172,0.323628457,0.264875712,0.33103866,0.595556407,1.416738556,-0.092454833,-0.099450894,3.78738474,2.537451322,0.062361504,0.138299634,1.939211158,10.20553364,0.495213959,-0.006271344,0.33760121,2.637545337,0.717653241,2.949838275,29.49737231,0.691893773,6.699913848,12.08385908,5.530444411,10.91438964,18.95283251,20.29300253,0.090888537,0.144529273,0.083291089,-0.0822139,-0.10300474,0.115569391,0.063440928,-0.29099028,0.171884515,0.138278702,0.863710279,0.992528256,1.481441768,0.546044052,0.53884917,1.100146231,1.106033384,1.101603548,1.068465262,1.013352311,0.480342315,0.474013144,1.136781073,5.113914446,0.449562874,-0.266695476,1.069627566,3.945065355,3.537899268,6.769001673,0.742566666,1.532476405,33.19727273,0.606554839,27.73131267,6.559959702,3.394295004,1.55063873,58.57294909,0.026474429,51,B,18.10394,40.41584,pos,1,1,1,NA,NA,1,2017
2895,0.654833803,0.377703142,4.794310155,1.189591321,0.51292615,0.368658264,0.319133757,0.331209309,0.033050364,0.398917196,0.331209309,0.384339663,0.656075703,1.577710544,-0.141700433,-0.15469368,4.306637762,3.100107445,0.060571043,0.118089207,2.304011796,12.42822494,0.438115275,-0.052024282,0.3907091,3.112862566,0.67809827,2.918387701,36.13663554,0.742159912,8.319419612,12.92033317,6.775619388,11.37653295,20.1104543,21.408039,0.078110419,0.116332164,0.095853758,-0.097769258,-0.122863847,0.117102271,0.040724703,-0.268931706,0.172257605,0.216389986,0.847099328,1.06051922,1.473262525,0.443829751,0.485239278,1.110488273,1.151045831,1.079040535,0.984214422,0.914661633,0.423764897,0.463302364,1.047349023,6.073345073,0.43056156,-0.23316293,1.065217702,4.81523323,4.167295729,8.547214962,0.790514825,1.612227883,31.24756098,0.367642998,28.98255288,7.046234623,3.11576123,1.528724597,51.14311128,0.030095146,8,B,18.09477,40.43499,pos,1,1,1,NA,NA,1,2017
2916,0.588297363,0.353161483,3.857875132,0.964147431,0.472598753,0.345643469,0.302652622,0.297502101,0.02685084,0.378315777,0.297502101,0.356932324,0.587541728,1.521710652,-0.128901654,-0.13961474,3.806447328,2.770384178,0.054420371,0.115151322,2.144817473,12.03779906,0.447342337,-0.054391934,0.381843085,2.875611769,0.701861271,2.787863462,28.27191723,0.691717518,5.880581666,9.635245342,4.881286592,8.635950269,15.64708801,16.7434416,0.098192907,0.141260275,0.092201369,-0.084344907,-0.105381899,0.122595664,0.074435714,-0.288263301,0.194444366,0.174028197,0.84592626,0.977212127,1.34266811,0.453134086,0.526034381,1.060423899,1.067094841,0.987580583,0.92957641,0.861415342,0.411032119,0.477159041,1.102429873,5.135393333,0.442171417,-0.23549369,1.043318859,3.848975369,3.480263084,6.857123036,0.745453903,1.656290331,30.85740741,0.319834748,21.03604977,6.865085356,3.156451127,1.564088467,51.8121005,0.032095581,8,B,18.09459,40.43501,neg,1,0,1,NA,NA,1,2017
2917,0.694820528,0.422110304,5.553520736,1.356590914,0.562244994,0.428442689,0.381083798,0.395277556,0.037910663,0.476354748,0.395277556,0.440897441,0.696246733,1.638322274,-0.157952013,-0.174283277,4.735893905,3.534806914,0.068051508,0.121035329,2.508890773,15.07863965,0.459718643,-0.057082493,0.370127051,3.02452343,0.679544216,2.600872795,36.22671509,0.769952394,8.412981271,12.38250342,6.726945045,10.69646719,18.97530496,20.26607842,0.060581815,0.102639996,0.085253902,-0.107290582,-0.135615669,0.0953494,0.003535187,-0.261121387,0.132876971,0.23125171,0.84038163,1.13449431,1.51998251,0.41026719,0.468917713,1.095229063,1.091062581,1.018067708,0.944718264,0.874923636,0.41742669,0.477100713,0.982848486,6.778345617,0.441853096,-0.208447331,1.070102669,5.584291329,4.787365421,9.468483163,0.808950354,1.798592229,30.61793478,0.290490489,28.30559502,7.008311237,3.456141222,1.654763646,43.07341512,0.038556087,8,B,18.09474,40.43506,pos,1,1,1,NA,NA,1,2017
3130,0.634494028,0.34383264,4.471866811,1.114678891,0.476428611,0.321733153,0.263373391,0.277378128,0.026381195,0.329216738,0.277378128,0.339838265,0.633429535,1.561142146,-0.132959451,-0.144588463,4.502393677,2.940200923,0.047816152,0.100363729,2.233004826,10.29717997,0.451272081,-0.02819177,0.37810134,2.888280252,0.695509124,3.661921758,44.12554227,0.726544888,8.476470929,15.34645817,6.995319998,13.86530724,23.45634807,25.12877658,0.094227583,0.125035557,0.09510397,-0.08595071,-0.107091763,0.13108636,0.091138071,-0.294090234,0.191934689,0.195119865,0.885081437,0.941090987,1.441113114,0.505068948,0.539647319,1.071299939,1.087677563,1.049537329,0.994975805,0.935924131,0.424142262,0.453180176,1.190800807,6.041171438,0.426283996,-0.270163135,1.055825156,4.455976928,4.062460535,8.261255452,0.784046557,1.080830001,30.86928571,0.32129028,38.80519058,7.027217369,3.666271182,1.536639128,58.18311662,0.005969682,20,C,18.11967893,40.4594726,pos,1,1,1,NA,NA,1,2017
3159,0.643901031,0.364854557,4.616416155,1.148584687,0.498504507,0.351504148,0.296977049,0.308681959,0.035747052,0.371221312,0.308681959,0.367522622,0.638831803,1.543407452,-0.133334942,-0.144914874,4.463910751,2.918227619,0.061362782,0.123093736,2.192990918,11.7379782,0.430941013,-0.010293532,0.397681653,3.008508186,0.685934757,3.073229875,33.97371369,0.734747704,8.584215026,14.6909872,6.859158471,12.96593065,21.42195459,23.08350405,0.092221437,0.114716988,0.094954418,-0.092975721,-0.119443923,0.127007192,0.071128286,-0.284049107,0.171533064,0.193953601,0.858657077,0.991861919,1.517216497,0.471733028,0.500007514,1.060554992,1.075567459,1.067209305,1.01695392,0.943451877,0.411944935,0.436635874,1.145136127,6.226751568,0.405077287,-0.279602822,1.056949676,4.53758614,4.116786256,8.623561997,0.792176743,1.368412462,31.815,0.437175277,28.72477681,7.028904831,3.86869733,1.45712722,52.4652614,0.019025926,20,C,18.11973716,40.4595585,neg,1,0,1,NA,NA,1,2017
3186,0.685636094,0.398003665,5.362053529,1.315610833,0.539276253,0.393379583,0.332206771,0.350291115,0.035804325,0.415258464,0.350291115,0.407676459,0.683579482,1.642474585,-0.154121434,-0.16945394,5.205325416,3.343910094,0.059781774,0.110855566,2.439546683,13.25442768,0.441839528,-0.003462433,0.387116916,2.951439826,0.68630751,3.167064721,41.88906681,0.765399545,9.359330522,16.15084038,7.544134503,14.33564436,22.79233611,24.78022652,0.078076072,0.101072965,0.093028619,-0.094632342,-0.120092834,0.116254857,0.070775914,-0.286142392,0.151041616,0.22910403,0.868458609,0.99412177,1.547507909,0.468479568,0.50592828,1.023894306,1.039502187,1.045932154,0.992755692,0.925980197,0.407400892,0.439967176,1.149922784,7.261626066,0.410373766,-0.281811159,1.065904849,5.320702624,4.815570039,9.831603569,0.815355133,1.164314351,30.87666667,0.322194719,31.31506424,6.98075021,4.377822665,1.588639238,47.38261902,0.009759872,20,C,18.11982641,40.45958445,pos,1,1,1,NA,NA,1,2017
3579,0.60235626,0.337930041,4.029627777,1.007393279,0.463239711,0.320213421,0.284787678,0.290584384,0.051233431,0.355984597,0.290584384,0.337201613,0.600371213,1.39828921,-0.086026508,-0.09188217,3.568308392,2.488979616,0.084586851,0.182598445,1.870725469,11.56295491,0.483108077,-0.053540385,0.348519391,3.005853458,0.694404427,2.333979054,22.16081467,0.692754956,7.100252494,11.41317018,5.674528118,9.987445802,17.61643723,18.7484581,0.08156801,0.138991991,0.084063577,-0.097774563,-0.124844465,0.089171969,0.00810785,-0.264272732,0.154821302,0.13187837,0.868190161,1.120751438,1.606757539,0.422161472,0.498487143,1.056379908,1.034997205,0.97329084,0.909367954,0.846885375,0.403606048,0.476576948,1.045974098,5.065246146,0.443831395,-0.252818939,1.076354355,4.004644469,3.519262162,6.648915366,0.738525019,1.417013549,29.3347619,0.133254326,22.33363613,6.344991838,2.724352118,1.418721545,54.8427163,0.021232415,2,C,18.11639773,40.45546051,pos,1,1,1,NA,NA,1,2017
3598,0.664222147,0.345762332,4.956318975,1.226279177,0.484449236,0.317623226,0.273725228,0.297936968,0.051232936,0.342156534,0.297936968,0.348952734,0.657119969,1.416964459,-0.090494441,-0.097377956,3.965453233,2.726942757,0.076483392,0.157877001,1.964342874,10.68559116,0.577679475,-0.030268657,0.267684617,2.569507902,0.700031247,2.653016748,34.96590795,0.720847468,9.10439798,14.80206032,7.343518809,13.04118115,23.1558535,24.46489396,0.06107009,0.140648713,0.078589438,-0.09923563,-0.125410879,0.070809279,-0.028047149,-0.252815827,0.12972099,0.144188837,0.93548375,1.204923396,1.752170032,0.50826799,0.548811768,1.062117386,1.071874747,1.033755345,0.979919547,0.926124438,0.49642126,0.536020042,1.023864268,5.61827097,0.506593895,-0.242751635,1.078408149,4.832943935,4.276515009,7.198076809,0.756040344,1.314296376,30.65974359,0.295613615,37.21119508,5.987816442,2.731885225,1.677236074,60.19627266,0.016569055,2,C,18.11646903,40.45557716,pos,1,1,1,NA,NA,1,2017
3620,0.644712683,0.322745812,4.629246825,1.151568457,0.456445931,0.287252162,0.247820157,0.270375251,0.04975438,0.309775196,0.270375251,0.31858835,0.635433263,1.37095789,-0.080909026,-0.086289669,3.670964387,2.56198769,0.074999884,0.164312745,1.858499314,9.663982048,0.578902143,-0.029578456,0.266702949,2.55976092,0.694625158,2.708981374,33.45532958,0.703273502,9.414426865,14.98423533,7.610415121,13.18022358,23.97338761,25.14501987,0.066938629,0.149715401,0.081909539,-0.099765019,-0.125870402,0.079271035,-0.030594015,-0.248633809,0.145380867,0.135801483,0.941397794,1.2183259,1.745687931,0.504823746,0.544160645,1.05826275,1.07416719,1.029540757,0.982370667,0.927710872,0.499072889,0.537961668,1.011523082,5.244388982,0.508029103,-0.237645727,1.073963679,4.48596402,3.916052027,6.727301858,0.741177446,1.167458134,31.81784314,0.437523666,47.73650381,5.763885372,2.292231126,1.698031103,62.36840064,0.009902599,2,C,18.11683744,40.45527242,pos,1,1,1,NA,NA,1,2017
